"Page","Impressions","Clicks","CTR","Avg. Position"
"https://www.webnovis.com/blog/mockup-grafici-guida.html","183","0","0%","5.601099453551913"
"https://www.webnovis.com/blog/indicizzazione-google-problemi.html","142","3","2.11%","4.218302112676056"
"https://www.webnovis.com/blog/ui-design-principi.html","39","0","0%","5.179489743589744"
"https://www.webnovis.com/blog/brand-storytelling.html","20","0","0%","4.749995"
"https://www.webnovis.com/blog/packaging-design-guida.html","19","1","5.26%","3.8421052631578947"
"https://www.webnovis.com/blog/partita-iva-ecommerce.html","14","1","7.140000000000001%","2.9285714285714284"
"https://www.webnovis.com/blog/competitor-analysis-metodo.html","13","0","0%","5"
"https://www.webnovis.com/blog/brand-awareness-strategie.html","13","0","0%","5.846153846153846"
"https://www.webnovis.com/blog/brand-loyalty-strategie.html","10","0","0%","2.79998"
"https://www.webnovis.com/blog/api-rest-cosa-sono.html","10","0","0%","6.2"
"https://www.webnovis.com/blog/manutenzione-sito-web.html","6","0","0%","6"
"https://www.webnovis.com/blog/colori-brand-psicologia.html","6","2","33.33%","4.666666666666667"
"https://www.webnovis.com/blog/infografiche-come-crearle.html","6","0","0%","4"
"https://www.webnovis.com/blog/tone-of-voice-aziendale.html","5","0","0%","4.6"
"https://www.webnovis.com/blog/architettura-informazioni-sito.html","5","0","0%","3.6"
"https://www.webnovis.com/blog/instagram-insights-guida.html","4","1","25%","4.5"
"https://www.webnovis.com/blog/responsive-design-guida.html","4","0","0%","4.5"
"https://www.webnovis.com/blog/omnichannel-strategia.html","4","0","0%","4.5"
"https://www.webnovis.com/blog/customer-journey-mapping.html","4","0","0%","4.000025"
"https://www.webnovis.com/blog/instagram-collaborazioni-brand.html","3","0","0%","3.3333333333333335"
"https://www.webnovis.com/blog/guida-stile-brand.html","3","0","0%","5.333333333333333"
"https://www.webnovis.com/blog/dati-obbligatori-sito-web-aziendale.html","3","0","0%","4.3333"
"https://www.webnovis.com/blog/seo-locale-google-maps.html","3","0","0%","4"
"https://www.webnovis.com/blog/quanto-costa-gestione-social-media.html","3","0","0%","2"
"https://www.webnovis.com/blog/data-driven-marketing.html","3","0","0%","4.3333"
"https://www.webnovis.com/blog/content-calendar-guida.html","3","0","0%","4.6667"
"https://www.webnovis.com/blog/dati-obbligatori-sito-web.html","3","0","0%","5.666666666666667"
"https://www.webnovis.com/blog/sanzioni-sito-non-accessibile-2026.html","3","1","33.33%","7.6667"
"https://www.webnovis.com/blog/content-audit-guida.html","2","0","0%","6.5"
"https://www.webnovis.com/blog/google-tag-manager-guida.html","2","0","0%","7"
"https://www.webnovis.com/blog/community-management-guida.html","2","0","0%","5.5"
"https://www.webnovis.com/blog/brand-consistency-multicanale.html","2","0","0%","7"
"https://www.webnovis.com/blog/cdn-cos-e-quando-serve.html","2","0","0%","9.5"
"https://www.webnovis.com/blog/importanza-sito-web-attivita.html","2","0","0%","2.5"
"https://www.webnovis.com/blog/google-search-console-guida.html","2","0","0%","8.5"
"https://www.webnovis.com/blog/naming-aziendale-guida.html","2","0","0%","4.5"
"https://www.webnovis.com/blog/presentazioni-aziendali-design.html","2","0","0%","9"
"https://www.webnovis.com/blog/social-media-automation-tool.html","2","0","0%","3.5"
"https://www.webnovis.com/blog/piattaforme-ecommerce-confronto.html","2","0","0%","2.5"
"https://www.webnovis.com/blog/unique-selling-proposition.html","2","0","0%","8"
"https://www.webnovis.com/blog/lighthouse-score-migliorare.html","2","0","0%","8.5"
"https://www.webnovis.com/blog/call-to-action-efficaci.html","1","0","0%","4"
"https://www.webnovis.com/blog/brand-positioning-strategia.html","1","0","0%","3"
"https://www.webnovis.com/blog/quanto-costa-una-landing-page.html","1","1","100%","1"
"https://www.webnovis.com/blog/sito-non-appare-su-google.html","1","0","0%","7"
"https://www.webnovis.com/blog/instagram-per-aziende.html","1","0","0%","8"
"https://www.webnovis.com/blog/navigazione-sito-web-struttura.html","1","0","0%","6"
"https://www.webnovis.com/blog/caching-sito-web.html","1","0","0%","7"
"https://www.webnovis.com/","1","0","0%","3"
"https://www.webnovis.com/blog/progressive-web-app-pmi.html","1","0","0%","10"
"https://www.webnovis.com/blog/gdpr-sito-web-conformita.html","1","1","100%","2"
"https://www.webnovis.com/blog/rebranding-aziendale-guida.html","1","0","0%","10"
"https://www.webnovis.com/blog/tradurre-sito-web-guida.html","1","0","0%","4"
"https://www.webnovis.com/blog/design-system-aziendale.html","1","0","0%","1"
"https://www.webnovis.com/blog/linkedin-personal-branding.html","1","0","0%","10"
"https://www.webnovis.com/blog/instagram-carousel-guida.html","1","0","0%","3"
"https://www.webnovis.com/blog/core-web-vitals-guida.html","1","0","0%","8"
"https://www.webnovis.com/blog/crawl-budget-ottimizzazione.html","1","0","0%","48"
"https://www.webnovis.com/blog/instagram-shop-guida.html","1","1","100%","2"
"https://www.webnovis.com/blog/podcast-aziendale-guida.html","1","0","0%","4"
"https://www.webnovis.com/blog/remarketing-retargeting-guida.html","1","0","0%","4"
"https://www.webnovis.com/blog/campagne-locali-google-ads.html","1","0","0%","2"
"https://www.webnovis.com/blog/funnel-vendita-online.html","1","0","0%","3"
"https://www.webnovis.com/blog/teoria-colore-design-web.html","1","0","0%","4"
