"Keyword","Impressions","Clicks","CTR","Avg. Position"
"mockup significato","122","0","0%","5.696718032786885"
"design del prodotto imballaggio","13","0","0%","3.8461538461538463"
"strategie di fedeltã  al marchio 2026","5","0","0%","1"
"google search console indicizzazione controlli url sitemap canonical robots.txt","4","0","0%","6"
"problemi indicizzazione sito google conegliano","4","0","0%","2"
"significato robots.txt impedisce indicizzazione verifica trasversale","4","0","0%","4.75"
"mockup cos'è","4","0","0%","3"
"url e miniature indicizzate senza ricerca","4","0","0%","5.25"
"possibili cause problemi di indicizzazione google support","4","0","0%","2"
"impatto modifiche gerarchiche indicizzazione cms","4","0","0%","2.75"
"dati obbligatori di srl in italia normativa","4","0","0%","5.25"
"google search console richiesta indicizzazione limite quota rilevamento bloccato url inspection official","4","0","0%","6"
"no, suggerisci una strategia per migliorare l'indicizzazione attuale","4","0","0%","4"
"indicizzazione google dopo downtime server","3","0","0%","1"
"api rest significato","3","0","0%","5.666666666666667"
"effetto errori 5xx su indicizzazione google","3","0","0%","2"
"social media q2 costo","3","0","0%","2"
"mockup cosa è","3","0","0%","4"
"pero ho notato che google searc controle non trovava indicizzate molte delle pagine, per questo lo stavo facendo manualmente. perché secondo te non le trovava?","3","0","0%","4"
"posizionamento locale google","3","0","0%","4"
"perché i pagine con noindex possono ancora apparire nei risultati di ricerca","3","0","0%","2"
"sito web canva non indicizzato google search console","3","0","0%","4.3333"
"come richiedo una nuona indicizzazione?","3","0","0%","3.3333"
"problemi indicizzazione google search console pagina disponibile","3","0","0%","5"
"pagine singole paginate in noindex#N#impedisce che le paginazioni di singole pagine e articoli vengano visualizzati nei risultati di ricerca. questo vale anche per la pagina blog.","3","0","0%","4"
"brand per collaborazioni instagram","3","0","0%","3.3333333333333335"
"seo problema url indicizzati senza www","3","0","0%","4"
"problemi indicizzazione dopo restyling sito","3","0","0%","1"
"mockup cosa significa","3","0","0%","5.666666666666667"
"sito in rifacimento google penalizza indicizzazione","3","0","0%","3"
"tempo indicizzazione blog su blogger","3","0","0%","5.6667"
"uno dei più potenti strumenti per la brand awareness online è","3","0","0%","6.3333"
"caricamento google font rallenta sito","2","0","0%","6"
"google search central pagina non indicizzata cosa fare qualità contenuti link interni ufficiale","2","0","0%","2.5"
"strategie di fedeltà al marchio 2026","2","0","0%","3.5"
"api rest cosa significa","2","0","0%","5"
"quali ip di google non devo bloccare per indicizzazione","2","0","0%","4"
"cosa sono i principi di interazione in un software","2","0","0%","8"
"nelle presentazioni il logo dell'azienda va in basso o in alto? a sinistra o a destra?","2","0","0%","9"
"cosa è un mockup","2","0","0%","8"
"perché alcuni siti editoriali hanno bassa indicizzazione seo","2","0","0%","1.5"
"soluzioni seo per blog non indexati google","2","0","0%","2"
"come migliorare indicizzazione prodotti horizons google search console","2","0","0%","7"
"sito web obbligatorio per aziende","2","0","0%","4.5"
"come gestire pagine con noindex dopo rimozione","2","0","0%","5.5"
"come forzare l'indicizzazione di una pagina su google","2","0","0%","7"
"reach e visite al profilo sono la stessa cosa su instagram","2","1","50%","4"
"perché google potrebbe ignorare il mio tag canonical manuale","2","0","0%","5.5"
"come sciegliere i font giusti","2","0","0%","7"
"architettura informativa sito web","2","0","0%","5"
"sottopagine noindex#N#impedisci che le pagine risultate dalla paginazione vengano indicizzate dai motori di ricerca.","2","0","0%","6"
"sanzioni accessibilità dei siti web","2","1","50%","9"
"facebook ads costi italia","2","0","0%","8"
"come posso forzare l indicizzazione delle pagine mancate","2","0","0%","1"
"infografiche numeri aziendali","2","0","0%","8"
"come risolvere problema tag google non trovato","2","0","0%","6"
"strategie entro cui lo storytelling diventa persuasivo nel marketing","2","0","0%","7"
"sito web obbligatorio per srl industria","2","0","0%","4.5"
"utenti conquistato pubblico offerta interfaccia estremamente semplice","2","0","0%","3"
"creazione siti web rho","2","0","0%","21"
"psicologia colori brand","2","0","0%","4"
"perché i contenuti rimangono sui server senza essere indicizzati","2","0","0%","1"
"indicizzazione google vecchio url coppe-targhe","2","0","0%","3"
"blogger notable template problemi di indicizzazione","1","1","100%","2"
"vocalizzazione calda stile comunicativo coerente","1","0","0%","5"
"si puó costruire un podcast parlando di un'azienda che vuole raccontare la sua esperienza e la sua attivita","1","0","0%","4"
"teams pwa cosa è","1","0","0%","10"
"calendario frutto piano editoriale definisce","1","0","0%","7"
"perchè le pagine del mio sito non sono indicizzate","1","0","0%","10"
"problemi di indicizzazione su dominio vari client","1","1","100%","2"
"pagine non indicizzate google search console","1","0","0%","7"
"obiettivi specifici tone voice coerente differenziato","1","0","0%","4"
"fonti consentono ricostruire comunicano brand esperte colore","1","0","0%","3"
"righe tematiche guidano utente scelta contenuti","1","0","0%","6"
"dice che non posso richiedere indicizzazione perchè ho superato il limite di oggi, allora invio la sitemap: scrivimela","1","0","0%","4"
"devo far indicizzare nuovamente da google tutte le volte che modifico il sito ?","1","0","0%","6"
"automazione post social per piccoli business","1","0","0%","3"
"l'adattamento del sito cosa vuoldire","1","0","0%","8"
"rebranding aziendale","1","0","0%","10"
"clic azienda instagram","1","0","0%","8"
"aumentare notorietà brand campagna viene percepita","1","0","0%","5"
"search console indicizzazione pagine","1","0","0%","7"
"sito non compare su google vicenza","1","0","0%","7"
"interno percorso acquisto rendere esperienza cliente pratica continua","1","0","0%","5"
"cos'è pagina non indicizzata generata da database plugin wordpress certificati","1","0","0%","6"
"come risolvere problemi di indicizzazione","1","0","0%","8"
"cosa incide sul costo di una landing page","1","1","100%","1"
"complessità ambiente brand saputo mantenere posizione","1","0","0%","3"
"passo personaggio storia comincia cliente brand","1","0","0%","7"
"regressione del caching","1","0","0%","7"
"packaging curato coerente posizionamento marca rafforza","1","0","0%","3"
"avanguardia brevetti brand consolidato lealtà clienti","1","0","0%","4"
"funnel di vendita digitale","1","0","0%","3"
"controlla il l'indicizzazione sulla piattaforma google","1","0","0%","9"
"costi totali per aprire una partita iva è un e-commerce in dropshipping","1","0","0%","2"
"perchè google non indicizza le mie pagine","1","0","0%","6"
"rifare indicizzazione google sync","1","0","0%","4"
"astag tri indicizzazioni google","1","0","0%","7"
"in che modo il packaging devesere coerente con la figura aziendale","1","1","100%","3"
"sito intranet conforme a gdpr","1","1","100%","2"
"comunicare offerta valore unica concorrenti ottiene vantaggio","1","0","0%","7"
"adattandosi cambiamenti tone voice mantenere base","1","0","0%","3"
"web design ctfa","1","0","0%","4"
"rigenerazione crediti giornalieri siti web","1","0","0%","17"
"cercano condizionarne scelte portfolio digitali","1","0","0%","1"
"se creo il catalogo di prodotti in meta, posso vendere in instagram?","1","1","100%","2"
"talento deciso creare marchio racconta mare linguaggio","1","0","0%","7"
"scelta brand casuale azienda imprenditoria","1","0","0%","6"
"ananlizzare colori palette brand identity","1","1","100%","3"
"fondamenti qualsiasi design system aziendale","1","0","0%","1"
"problemi indicizzazione google","1","0","0%","2"
"vincolo impone percorso visitare clienti chiara interpretazione","1","0","0%","7"
"dimensione attrazione elementi visivi accattivanti interfacce intuitive creano","1","0","0%","6"
"campagne locali rilevanza propria area attori","1","0","0%","2"
"brand loyalty efficacia strategie ritenzione costringendo concorrenti seguire","1","0","0%","7"
"permesso nascita canali creando e-commerce omnichannel risulta punti","1","0","0%","7"
"rafforzare notorietà brand incrementare esportazioni","1","0","0%","7"
"guida di stile","1","0","0%","9"
"idea brand successo storia raccontare trasmettere","1","0","0%","2"
"più preciso competitor media ovvero valore ottimale","1","0","0%","5"
"search console indiciczzazione pagine","1","0","0%","10"
"tipologia analisi cliente palette colori fatta","1","0","0%","3"
"finalizzata aumentare notorietà marchio consolidarne presenza","1","0","0%","7"
"problemi indicizzazione analytics occupa utenti arrivano","1","0","0%","1"
"narrativi definiscono marchio missione valori linguaggio","1","0","0%","6"
"comprendere retailer acquisire vantaggio competitivo duraturo","1","0","0%","6"
"agid comuni dominio gov.it problemi indicizzazione","1","0","0%","7"
"notiamo indicizzazione buona individuato ‎codici errore","1","0","0%","2"
"cum se face un carousel pe instagram","1","0","0%","3"
"ui semplice e non diegetica","1","0","0%","10"
"questo e-commerce è dedicato ad aziende e professionisti del settore con partita iva e non è consentito l'accesso a privati. se sei un privato rivolgiti ad uno dei nostri punti vendita.","1","0","0%","5"
"frequenza aggiornamento indicizzazione risultati pubblici","1","0","0%","5"
"problema affrontato consiste identificare automaticamente pagine rilevanti","1","0","0%","1"
"priorità raccontare storia azienda proiettare identità brand","1","0","0%","4"
"responsive design di un sito web in italiano","1","0","0%","3"
"che cos e mockup","1","0","0%","3"
"particolare valutare propri punti traducibili vantaggi competitivi","1","0","0%","3"
"indicizzazione google reack","1","0","0%","9"
"rebranding consiste analizzarlo base livello gerarchia aziendale","1","0","0%","2"
"pagina con index ma non viene indicizzata","1","0","0%","4"
"cosa significano i punteggi di google lighthouse di accessibilità","1","0","0%","8"
"come capire se un sito utilizza lo schema matkup","1","0","0%","7"
"google search console non riesce ad indicizzare il mio sito su hosting linux aruba","1","0","0%","4"
"rest cose","1","0","0%","9"
"competitivo punto vista internazionale sito tradotto","1","0","0%","4"
"ottimizzazione immagini tramite cdn cos'è","1","0","0%","7"
"risolvere problemi indicizzazione blogspot","1","0","0%","3"
"cos'è cdn","1","0","0%","9"
"navygazione b2b","1","0","0%","6"
"motivo packaging semplici immediatamente comprensibili coerenti","1","0","0%","4"
"indicatori legati consapevolezza interesse notorietà brand percezione","1","0","0%","6"
"‎google search console configura strumento diagnostico","1","0","0%","4"
"‎2 proposta unica trattarsi caratteristica distintiva","1","0","0%","7"
"rafforzato autenticità offrendo marchio base narrativa stabile costruire","1","0","0%","6"
"rafforzamento notorietà brand contesto nuove","1","0","0%","2"
"quanto costa aprire una partita iva per un e-commerce in un anno","1","0","0%","1"
"linkedin e personal branding factanza","1","0","0%","10"
"pagina rilevata, ma attualmente non indicizzata google. perché?","1","0","0%","8"
"forum italia indicizzazione comuni google problemi ancora 2025","1","0","0%","3"
"frammentazione deterioramento controllo qualitativo brand weakening","1","0","0%","3"
"competitivo attrattivo qualità migliore diversi punti vista","1","0","0%","4"
"operativa generano vantaggi competitivi duraturi contrazione","1","0","0%","6"
"post azienda fonosimbolismo contenuti digitali optando","1","0","0%","1"
"core web vitals cosa sono","1","0","0%","8"
"indicizzazione url e miniature senza ricerca","1","0","0%","7"
"termine mockup intende rappresentazione grafica statica dettagliata","1","0","0%","2"
"search console → prestazioni → query","1","0","0%","2"
"novis web","1","0","0%","3"
"sistema chiarezza interfaccia livello soddisfazione interazione sito","1","0","0%","6"
"le nostre strategie di naming con questa pratica guida, completa di metodi ed esempi.","1","0","0%","8"
"a chi è rivolto il marketing plan","1","0","0%","10"
"design interfacce accattivanti trattenere utente","1","0","0%","7"
"ecommerce specialist con partita iva","1","0","0%","3"
"ottenuti piattaforme confronto partire risultati prodotti covariate disponibili","1","0","0%","3"
"pagine bloccate da meta tag “noindex”.","1","0","0%","8"
"indicizzazione google","1","0","0%","10"
"tratta promuovere prodotti servizi costruire relazioni community","1","0","0%","6"
"google chrome con problemi di indicizzazione","1","0","0%","2"
"non trovo il mio sito su google","1","0","0%","7"
"sottoposta vincoli interfaccia progettata utente scelga","1","0","0%","7"
"mockup cocosa distingue un "prototipo" da un mockupse","1","0","0%","8"
"sottolinea importanza principi etica progettazione esperienza utente","1","0","0%","5"
"per vendee alimenti su web serve partita iva ?","1","1","100%","3"
"quanto costa aprire un e-commerce con partita iva con fatturazione occasionale inferiore ai €5000","1","0","0%","1"
"rappresentazioni grafiche infografiche comunicare contenuti dati","1","0","0%","2"
"svolgere funzioni usabilità facilità intuitività interfaccia fondamentali garantire","1","0","0%","2"
"grafiche infografiche comunicare contenuti dati","1","0","0%","2"
"come si costruisce la mappa di posizionamento","1","0","0%","9"
"sistemi algoritmici visibilità ranking pricing rende","1","0","0%","6"
"struttura dati sito mind sezioni","1","0","0%","4"
"relazionale brand voleva incrementare vendite rafforzare loyalty","1","0","0%","5"
"analisi mercato vantaggi competitivi prototype","1","0","0%","6"
"blogger amp template problemi di indicizzazione","1","0","0%","5"
"come verificare su gsc sito bloccato indicizzazione","1","0","0%","7"
"termine mockup intende rappresentazione visiva statica","1","0","0%","6"
"remarketa i platformi","1","0","0%","4"
"permettono personalizzare interfaccia utente elementi possibile sviluppare","1","0","0%","7"
"cosa e la usp diuna azienda","1","0","0%","9"
"preventiva deterrenza ante incentivando progettazione interfacce","1","0","0%","3"
"sitemap vengono indicizzate anche pagine noindex?","1","1","100%","9"
"essenziali ottimizzare creazione interfaccia utente orchestrazione","1","0","0%","3"
"analytics user experience gestione community online supportare percorsi","1","0","0%","5"
"google tag manager tutorial","1","0","0%","7"
"strategie pubblicitarie per pmi locali","1","0","0%","7"
"carlisi politiche di reso","1","0","0%","8"
"talento deciso creare marchio racconta","1","0","0%","6"
"piano marketing efficace elementi chiave analisi situazione ovvero","1","0","0%","2"
"questo problema può diminuire l’indicizzazione su google?","1","0","0%","1"
"mancata indicizzazione","1","0","0%","6"
"efficace brand experience mantenere coerenza diversi","1","0","0%","7"
"per una buona meta adv quanto dovrebbe essere il costo per contatto?","1","0","0%","3"
"piattaforma fornisce contenuti personalizzati base","1","0","0%","7"
"psicologia dei colori per logo e branding","1","1","100%","2"
"come verificare blocco indicizzazione su sito","1","0","0%","8"
"nuovi motivi che impediscono l'indicizzazione delle tue pagine","1","0","0%","2"
"significato dei colori per i brand","1","0","0%","5"
"cosa sono le api rest","1","0","0%","7"
"risolvere errori indicizzazione seo","1","0","0%","2"
"indicizzazione elementari google lanciato adwords footnoteref solamente","1","0","0%","4"
"elettratrevigiana.com indicizzazione google","1","0","0%","7"
"automazione post social media gratis","1","0","0%","4"
"crawl budget optimization","1","0","0%","48"
"visione punto riferimento settore capacità offrire","1","0","0%","3"
"brand carica valori prese posizione riferimenti","1","0","0%","5"
"indicizzazione sito 70-80.it concorrenti","1","0","0%","2"
"pagine indicizzate ma bloccate da robots.txt soluzione","1","0","0%","7"
