"Grounding Query","Intent","Topic","Citations","Citation Share"
"mockup significato","Informational","Design","244","17.40%"
"mockup cos'è","Informational","UX/UI Design","24","10.71%"
"manutenzione sito web","Learn and Solve","E-commerce","10","37.04%"
"come opzioni di reso semplici riducono attrito ecommerce","Research","E-commerce","9","29.03%"
"migliori piattaforme pagamenti online integrazione ecommerce","Informational","Ecommerce Platforms","8","23.53%"
"strumenti design intelligenza artificiale PMI popolari","Informational","AI Tools & Platforms","6","100.00%"
"strumenti efficaci email marketing SMS marketing","Comparison","Email Marketing & Newsletters","5","15.15%"
"confronto soluzioni resi e-commerce negozi online","Comparison","Ecommerce Platforms","5","17.24%"
"soluzioni resi e-commerce negozio online","Informational","E-commerce","4","20.00%"
