"Page","Citations"
"https://www.webnovis.com/blog/mockup-grafici-guida.html","295"
"https://www.webnovis.com/blog/indicizzazione-google-problemi.html","91"
"https://www.webnovis.com/blog/instagram-algoritmo-2026.html","71"
"https://www.webnovis.com/blog/manutenzione-sito-web.html","43"
"https://www.webnovis.com/blog/partita-iva-ecommerce.html","33"
"https://www.webnovis.com/blog/api-rest-cosa-sono.html","31"
"https://www.webnovis.com/blog/gestione-resi-ecommerce.html","25"
"https://www.webnovis.com/blog/quanto-costa-un-logo.html","24"
"https://www.webnovis.com/blog/gdpr-sito-web-guida.html","23"
"https://www.webnovis.com/blog/pagamenti-online-ecommerce.html","21"
"https://www.webnovis.com/blog/sanzioni-sito-non-accessibile-2026.html","19"
"https://www.webnovis.com/blog/quanto-costa-campagna-facebook-ads.html","17"
"https://www.webnovis.com/blog/preventivi-progetti-web.html","12"
"https://www.webnovis.com/blog/quanto-costa-gestione-social-media.html","9"
"https://www.webnovis.com/blog/intelligenza-artificiale-pmi.html","9"
"https://www.webnovis.com/blog/naming-aziendale-guida.html","8"
"https://www.webnovis.com/blog/dati-obbligatori-sito-web.html","8"
"https://www.webnovis.com/blog/schema-markup-guida.html","8"
"https://www.webnovis.com/blog/seo-vs-sem-differenze.html","7"
"https://www.webnovis.com/blog/responsive-design-guida.html","7"
"https://www.webnovis.com/blog/canva-vs-designer-professionista.html","7"
"https://www.webnovis.com/blog/quanto-costa-un-sito-web.html","7"
"https://www.webnovis.com/blog/piattaforme-ecommerce-confronto.html","7"
"https://www.webnovis.com/blog/email-marketing-guida-completa.html","7"
"https://www.webnovis.com/blog/quanto-costa-un-ecommerce.html","6"
"https://www.webnovis.com/blog/instagram-shop-guida.html","6"
"https://www.webnovis.com/blog/sito-non-appare-su-google.html","5"
"https://www.webnovis.com/blog/instagram-insights-guida.html","5"
"https://www.webnovis.com/blog/headless-cms-guida.html","5"
"https://www.webnovis.com/blog/colori-brand-psicologia.html","5"
"https://www.webnovis.com/blog/cdn-cos-e-quando-serve.html","5"
"https://www.webnovis.com/blog/seo-youtube-video.html","5"
"https://www.webnovis.com/blog/personal-brand-consulente.html","5"
"https://www.webnovis.com/blog/sito-web-per-avvocati.html","4"
"https://www.webnovis.com/blog/portare-attivita-online.html","4"
"https://www.webnovis.com/blog/marketing-digitale-attivita-locali-milano.html","4"
"https://www.webnovis.com/blog/marketing-plan-modello.html","3"
"https://www.webnovis.com/blog/instagram-carousel-guida.html","3"
"https://www.webnovis.com/blog/normativa-accessibilita-web-2026.html","3"
"https://www.webnovis.com/blog/quanto-costa-una-landing-page.html","2"
"https://www.webnovis.com/blog/attribution-marketing-modelli.html","2"
"https://www.webnovis.com/blog/instagram-collaborazioni-brand.html","2"
"https://www.webnovis.com/blog/marketplace-vs-ecommerce-proprio.html","2"
"https://www.webnovis.com/blog/costi-progetto-web-guida.html","2"
"https://www.webnovis.com/blog/social-media-automation-tool.html","2"
"https://www.webnovis.com/blog/tendenze-social-media-2026.html","2"
"https://www.webnovis.com/blog/hreflang-guida-seo-internazionale.html","1"
"https://www.webnovis.com/blog/design-system-aziendale.html","1"
"https://www.webnovis.com/blog/portfolio-digitale-guida.html","1"
"https://www.webnovis.com/blog/instagram-reels-strategia.html","1"
"https://www.webnovis.com/agenzia-web-rho.html","1"
"https://www.webnovis.com/blog/seo-on-page-checklist.html","1"
"https://www.webnovis.com/blog/google-ads-guida-principianti.html","1"
"https://www.webnovis.com/blog/engagement-sito-web-strategie.html","1"
"https://www.webnovis.com/blog/networking-digitale-strategie.html","1"
"https://www.webnovis.com/blog/instagram-bio-ottimizzazione.html","1"
"https://www.webnovis.com/blog/quanto-costa-brand-identity.html","1"
