Data,Pagine interessate
2026-06-05,496
2026-06-06,497
2026-06-07,497
2026-06-08,497
2026-06-09,498
2026-06-10,498
2026-06-11,498
2026-06-12,498
2026-06-13,500
2026-06-14,500
2026-06-15,500
2026-06-16,500
2026-06-17,500
2026-06-18,500
2026-06-19,500
2026-06-20,500
2026-06-21,500
2026-06-22,500
2026-06-23,500
2026-06-24,500
2026-06-25,500
2026-06-26,500
2026-06-27,500
2026-06-28,500
2026-06-29,500
2026-06-30,500
2026-07-01,501
2026-07-02,501
2026-07-03,501
2026-07-04,501
2026-07-05,501
2026-07-06,501
2026-07-07,501
2026-07-08,501
2026-07-09,501
2026-07-10,501
2026-07-11,500
2026-07-12,500
2026-07-13,500
2026-07-14,500
2026-07-15,500
2026-07-16,500
2026-07-17,500
2026-07-18,500
2026-07-19,500
2026-07-20,500
2026-07-21,500
2026-07-22,500
2026-07-23,500
2026-07-24,500
2026-07-25,500
2026-07-26,500
2026-07-27,500
2026-07-28,500
2026-07-29,500
2026-07-30,500
2026-07-31,500
2026-08-01,500
2026-08-02,500
2026-08-03,500
2026-08-04,500
2026-08-05,500
2026-08-06,500
2026-08-07,500
2026-08-08,500
2026-08-09,500
2026-08-10,500
2026-08-11,500
2026-08-12,500
2026-08-13,500
2026-08-14,500
2026-08-15,500
2026-08-16,500
2026-08-17,500
2026-08-18,500
2026-08-19,500
2026-08-20,500
2026-08-21,500