URL,Ultima scansione
https://www.webnovis.com/servizi/fotografia-aziendale.html,2026-06-29
https://www.webnovis.com/consulenza-digitale-saronno.html,2026-06-28
https://www.webnovis.com/templates/base-pages/servizi/graphic-design.html,2026-06-16
https://www.webnovis.com/consulenza-digitale-sesto-san-giovanni.html,2026-06-09
https://www.webnovis.com/consulenza-digitale-settimo-milanese.html,2026-06-08
https://www.webnovis.com/dist/copywriting-cinisello-balsamo.html,2026-05-31
https://www.webnovis.com/consulenza-digitale-cormano.html,2026-05-22
https://www.webnovis.com/dist/realizzazione-siti-web-cusago.html,2026-05-13
https://www.webnovis.com/dist/manutenzione-sito-limbiate.html,2026-05-13
https://www.webnovis.com/dist/social-media-milano-ovest.html,2026-05-13
https://www.webnovis.com/dist/agenzia-web-rescaldina.html,2026-05-12
https://www.webnovis.com/dist/email-marketing-senago.html,2026-05-11
https://www.webnovis.com/dist/fotografia-aziendale-caronno-pertusella.html,2026-05-11
https://www.webnovis.com/dist/consulenze-limbiate.html,2026-05-11
https://www.webnovis.com/dist/ecommerce-paderno-dugnano.html,2026-05-10
https://www.webnovis.com/dist/web-app-nerviano.html,2026-05-10
https://www.webnovis.com/dist/realizzazione-siti-web-nerviano.html,2026-05-10
https://www.webnovis.com/dist/accessibilita-cologno-monzese.html,2026-05-10
https://www.webnovis.com/dist/social-media-sesto-san-giovanni.html,2026-05-09
https://www.webnovis.com/dist/copywriting-nerviano.html,2026-05-09
https://www.webnovis.com/dist/restyling-sito-web-cornaredo.html,2026-05-07
https://www.webnovis.com/dist/restyling-sito-web-cologno-monzese.html,2026-05-05
https://www.webnovis.com/dist/graphic-design-cornaredo.html,2026-05-05
https://www.webnovis.com/cdn-cgi/l/email-protection,2026-05-03
https://www.webnovis.com/dist/social-media-arese.html,2026-05-02
https://www.webnovis.com/dist/seo-locale-monza.html,2026-05-02
https://www.webnovis.com/dist/manutenzione-sito-legnano.html,2026-05-02
https://www.webnovis.com/dist/copywriting-limbiate.html,2026-05-02
https://www.webnovis.com/dist/social-media-magenta.html,2026-05-01
https://www.webnovis.com/dist/graphic-design-magenta.html,2026-04-30
https://www.webnovis.com/dist/copywriting-cesano-boscone.html,2026-04-30
https://www.webnovis.com/dist/copywriting-novate-milanese.html,2026-04-30
https://www.webnovis.com/dist/social-media-milano-nord.html,2026-04-28
https://www.webnovis.com/dist/copywriting-settimo-milanese.html,2026-04-27
https://www.webnovis.com/dist/copywriting-sesto-san-giovanni.html,2026-04-25
https://www.webnovis.com/dist/social-media-legnano.html,2026-04-25
https://www.webnovis.com/dist/ecommerce-parabiago.html,2026-04-19
https://www.webnovis.com/dist/restyling-sito-web-limbiate.html,2026-04-18
https://www.webnovis.com/dist/fotografia-aziendale-rozzano.html,2026-04-18
https://www.webnovis.com/dist/realizzazione-siti-web-settimo-milanese.html,2026-04-18
https://www.webnovis.com/dist/web-app-paderno-dugnano.html,2026-04-18
https://www.webnovis.com/dist/graphic-design-parabiago.html,2026-04-18
https://www.webnovis.com/dist/sito-vetrina-cesano-boscone.html,2026-04-13
https://www.webnovis.com/dist/seo-locale-cormano.html,2026-04-12
https://www.webnovis.com/dist/sito-vetrina-paderno-dugnano.html,2026-04-08
https://www.webnovis.com/dist/landing-page-cinisello-balsamo.html,2026-04-04
https://www.webnovis.com/dist/consulenza-digitale-saronno.html,2026-04-03
https://www.webnovis.com/accessibilita-rho.html,2026-04-03
https://www.webnovis.com/dist/restyling-sito-web-caronno-pertusella.html,2026-03-31
https://www.webnovis.com/social-media-rho.html,2026-03-29
https://www.webnovis.com/dist/agenzia-web-trezzano-sul-naviglio.html,2026-03-28
https://www.webnovis.com/dist/sito-vetrina-trezzano-sul-naviglio.html,2026-03-28
https://www.webnovis.com/dist/copywriting-magenta.html,2026-03-28
https://www.webnovis.com/dist/google-ads-garbagnate.html,2026-03-28
https://www.webnovis.com/dist/email-marketing-corsico.html,2026-03-28
https://www.webnovis.com/dist/email-marketing-caronno-pertusella.html,2026-03-28
https://www.webnovis.com/dist/social-media-limbiate.html,2026-03-28
https://www.webnovis.com/dist/consulenza-digitale-trezzano-sul-naviglio.html,2026-03-28
https://www.webnovis.com/dist/accessibilita-saronno.html,2026-03-28
https://www.webnovis.com/dist/restyling-sito-web-garbagnate.html,2026-03-28
https://www.webnovis.com/dist/realizzazione-siti-web-cinisello-balsamo.html,2026-03-28
https://www.webnovis.com/dist/graphic-design-buccinasco.html,2026-03-28
https://www.webnovis.com/dist/social-media-trezzano-sul-naviglio.html,2026-03-28
https://www.webnovis.com/dist/google-ads-caronno-pertusella.html,2026-03-28
https://www.webnovis.com/dist/sviluppo-app-mobile-corsico.html,2026-03-28
https://www.webnovis.com/dist/sito-vetrina-bareggio.html,2026-03-28
https://www.webnovis.com/dist/google-ads-sesto-san-giovanni.html,2026-03-28
https://www.webnovis.com/dist/email-marketing-cinisello-balsamo.html,2026-03-28
https://www.webnovis.com/dist/restyling-sito-web-bareggio.html,2026-03-28
https://www.webnovis.com/dist/email-marketing-monza.html,2026-03-28
https://www.webnovis.com/dist/agenzia-web-cusago.html,2026-03-28
https://www.webnovis.com/dist/sviluppo-app-mobile-limbiate.html,2026-03-28
https://www.webnovis.com/dist/web-app-milano-nord.html,2026-03-28
https://www.webnovis.com/dist/agenzia-web-cornaredo.html,2026-03-28
https://www.webnovis.com/dist/seo-locale-milano-ovest.html,2026-03-28
https://www.webnovis.com/dist/agenzia-web-cormano.html,2026-03-28
https://www.webnovis.com/dist/realizzazione-siti-web-pregnana-milanese.html,2026-03-28
https://www.webnovis.com/dist/automazione-business-bareggio.html,2026-03-28
https://www.webnovis.com/dist/realizzazione-siti-web-cornaredo.html,2026-03-28
https://www.webnovis.com/dist/fotografia-aziendale-senago.html,2026-03-28
https://www.webnovis.com/dist/automazione-business-magenta.html,2026-03-28
https://www.webnovis.com/dist/ecommerce-lainate.html,2026-03-28
https://www.webnovis.com/dist/automazione-business-nerviano.html,2026-03-28
https://www.webnovis.com/dist/consulenza-digitale-arese.html,2026-03-27
https://www.webnovis.com/dist/ecommerce-cormano.html,2026-03-27
https://www.webnovis.com/dist/realizzazione-siti-web-cormano.html,2026-03-27
https://www.webnovis.com/dist/landing-page-buccinasco.html,2026-03-27
https://www.webnovis.com/dist/consulenza-digitale-cologno-monzese.html,2026-03-27
https://www.webnovis.com/dist/web-app-garbagnate.html,2026-03-27
https://www.webnovis.com/dist/manutenzione-sito-paderno-dugnano.html,2026-03-27
https://www.webnovis.com/dist/google-ads-parabiago.html,2026-03-27
https://www.webnovis.com/dist/fotografia-aziendale-cormano.html,2026-03-27
https://www.webnovis.com/dist/landing-page-sesto-san-giovanni.html,2026-03-27
https://www.webnovis.com/dist/consulenze-nerviano.html,2026-03-27
https://www.webnovis.com/dist/restyling-sito-web-corsico.html,2026-03-27
https://www.webnovis.com/dist/google-ads-milano-nord.html,2026-03-27
https://www.webnovis.com/dist/landing-page-trezzano-sul-naviglio.html,2026-03-27
https://www.webnovis.com/dist/graphic-design-milano.html,2026-03-27
https://www.webnovis.com/dist/realizzazione-siti-web-caronno-pertusella.html,2026-03-27
https://www.webnovis.com/dist/restyling-sito-web-sesto-san-giovanni.html,2026-03-27
https://www.webnovis.com/dist/graphic-design-novate-milanese.html,2026-03-27
https://www.webnovis.com/dist/email-marketing-bareggio.html,2026-03-27
https://www.webnovis.com/dist/consulenza-digitale-cesano-boscone.html,2026-03-27
https://www.webnovis.com/dist/web-app-novate-milanese.html,2026-03-27
https://www.webnovis.com/dist/automazione-business-cormano.html,2026-03-27
https://www.webnovis.com/dist/consulenza-digitale-bollate.html,2026-03-27
https://www.webnovis.com/dist/ecommerce-saronno.html,2026-03-27
https://www.webnovis.com/dist/ecommerce-bresso.html,2026-03-27
https://www.webnovis.com/dist/consulenze-milano-nord.html,2026-03-27
https://www.webnovis.com/dist/consulenza-digitale-senago.html,2026-03-27
https://www.webnovis.com/dist/manutenzione-sito-saronno.html,2026-03-27
https://www.webnovis.com/dist/sito-vetrina-novate-milanese.html,2026-03-27
https://www.webnovis.com/dist/google-ads-rozzano.html,2026-03-27
https://www.webnovis.com/dist/email-marketing-milano-ovest.html,2026-03-27
https://www.webnovis.com/dist/graphic-design-corsico.html,2026-03-27
https://www.webnovis.com/dist/web-app-legnano.html,2026-03-27
https://www.webnovis.com/dist/agenzia-web-senago.html,2026-03-27
https://www.webnovis.com/dist/manutenzione-sito-caronno-pertusella.html,2026-03-27
https://www.webnovis.com/dist/landing-page-cologno-monzese.html,2026-03-27
https://www.webnovis.com/dist/social-media-bareggio.html,2026-03-27
https://www.webnovis.com/dist/agenzia-web-cerro-maggiore.html,2026-03-27
https://www.webnovis.com/dist/restyling-sito-web-bollate.html,2026-03-27
https://www.webnovis.com/dist/social-media-senago.html,2026-03-27
https://www.webnovis.com/dist/google-ads-limbiate.html,2026-03-27
https://www.webnovis.com/dist/automazione-business-legnano.html,2026-03-27
https://www.webnovis.com/dist/automazione-business-senago.html,2026-03-27
https://www.webnovis.com/dist/email-marketing-novate-milanese.html,2026-03-27
https://www.webnovis.com/dist/ecommerce-cerro-maggiore.html,2026-03-27
https://www.webnovis.com/dist/fotografia-aziendale-novate-milanese.html,2026-03-27
https://www.webnovis.com/dist/consulenze-cormano.html,2026-03-27
https://www.webnovis.com/dist/agenzia-web-garbagnate.html,2026-03-27
https://www.webnovis.com/dist/ecommerce-novate-milanese.html,2026-03-27
https://www.webnovis.com/dist/google-ads-paderno-dugnano.html,2026-03-27
https://www.webnovis.com/dist/accessibilita-corsico.html,2026-03-27
https://www.webnovis.com/dist/email-marketing-rozzano.html,2026-03-27
https://www.webnovis.com/dist/social-media-buccinasco.html,2026-03-27
https://www.webnovis.com/dist/copywriting-milano-nord.html,2026-03-27
https://www.webnovis.com/dist/ecommerce-cesano-boscone.html,2026-03-27
https://www.webnovis.com/dist/landing-page-cerro-maggiore.html,2026-03-27
https://www.webnovis.com/dist/accessibilita-novate-milanese.html,2026-03-27
https://www.webnovis.com/dist/landing-page-settimo-milanese.html,2026-03-27
https://www.webnovis.com/dist/ecommerce-monza.html,2026-03-27
https://www.webnovis.com/dist/sviluppo-app-mobile-novate-milanese.html,2026-03-27
https://www.webnovis.com/dist/seo-locale-legnano.html,2026-03-27
https://www.webnovis.com/dist/realizzazione-siti-web-pero.html,2026-03-27
https://www.webnovis.com/dist/sviluppo-app-mobile-cinisello-balsamo.html,2026-03-27
https://www.webnovis.com/dist/manutenzione-sito-nerviano.html,2026-03-27
https://www.webnovis.com/dist/accessibilita-sesto-san-giovanni.html,2026-03-27
https://www.webnovis.com/dist/sviluppo-app-mobile-garbagnate.html,2026-03-27
https://www.webnovis.com/dist/graphic-design-cesano-boscone.html,2026-03-27
https://www.webnovis.com/dist/sviluppo-app-mobile-settimo-milanese.html,2026-03-27
https://www.webnovis.com/dist/accessibilita-cerro-maggiore.html,2026-03-27
https://www.webnovis.com/dist/accessibilita-trezzano-sul-naviglio.html,2026-03-27
https://www.webnovis.com/dist/sviluppo-app-mobile-saronno.html,2026-03-27
https://www.webnovis.com/dist/web-app-buccinasco.html,2026-03-27
https://www.webnovis.com/dist/automazione-business-bollate.html,2026-03-27
https://www.webnovis.com/dist/manutenzione-sito-cornaredo.html,2026-03-27
https://www.webnovis.com/dist/web-app-saronno.html,2026-03-27
https://www.webnovis.com/dist/consulenze-novate-milanese.html,2026-03-27
https://www.webnovis.com/dist/seo-locale-milano.html,2026-03-27
https://www.webnovis.com/dist/web-app-cologno-monzese.html,2026-03-27
https://www.webnovis.com/dist/consulenze-sesto-san-giovanni.html,2026-03-27
https://www.webnovis.com/dist/google-ads-cormano.html,2026-03-27
https://www.webnovis.com/dist/restyling-sito-web-parabiago.html,2026-03-27
https://www.webnovis.com/dist/automazione-business-buccinasco.html,2026-03-27
https://www.webnovis.com/dist/landing-page-milano.html,2026-03-27
https://www.webnovis.com/dist/realizzazione-siti-web-bresso.html,2026-03-27
https://www.webnovis.com/dist/consulenze-trezzano-sul-naviglio.html,2026-03-27
https://www.webnovis.com/dist/consulenze-caronno-pertusella.html,2026-03-27
https://www.webnovis.com/dist/consulenze-lainate.html,2026-03-27
https://www.webnovis.com/dist/seo-locale-cesano-boscone.html,2026-03-27
https://www.webnovis.com/dist/copywriting-monza.html,2026-03-27
https://www.webnovis.com/dist/sito-vetrina-cinisello-balsamo.html,2026-03-27
https://www.webnovis.com/dist/restyling-sito-web-bresso.html,2026-03-27
https://www.webnovis.com/dist/automazione-business-settimo-milanese.html,2026-03-27
https://www.webnovis.com/dist/sito-vetrina-garbagnate.html,2026-03-26
https://www.webnovis.com/dist/graphic-design-arese.html,2026-03-26
https://www.webnovis.com/dist/manutenzione-sito-bresso.html,2026-03-26
https://www.webnovis.com/dist/sviluppo-app-mobile-lainate.html,2026-03-26
https://www.webnovis.com/dist/ecommerce-caronno-pertusella.html,2026-03-26
https://www.webnovis.com/dist/ecommerce-cornaredo.html,2026-03-26
https://www.webnovis.com/dist/web-app-parabiago.html,2026-03-25
https://www.webnovis.com/dist/agenzia-web-nerviano.html,2026-03-25
https://www.webnovis.com/dist/ecommerce-settimo-milanese.html,2026-03-25
https://www.webnovis.com/dist/google-ads-monza.html,2026-03-25
https://www.webnovis.com/dist/consulenze-parabiago.html,2026-03-25
https://www.webnovis.com/dist/landing-page-lainate.html,2026-03-25
https://www.webnovis.com/dist/google-ads-arese.html,2026-03-25
https://www.webnovis.com/dist/social-media-cesano-boscone.html,2026-03-25
https://www.webnovis.com/dist/graphic-design-settimo-milanese.html,2026-03-25
https://www.webnovis.com/dist/google-ads-cinisello-balsamo.html,2026-03-25
https://www.webnovis.com/dist/google-ads-milano-ovest.html,2026-03-25
https://www.webnovis.com/dist/ecommerce-senago.html,2026-03-25
https://www.webnovis.com/dist/ecommerce-garbagnate.html,2026-03-25
https://www.webnovis.com/dist/sviluppo-app-mobile-senago.html,2026-03-25
https://www.webnovis.com/dist/graphic-design-bollate.html,2026-03-25
https://www.webnovis.com/dist/agenzia-web-pregnana-milanese.html,2026-03-25
https://www.webnovis.com/dist/restyling-sito-web-monza.html,2026-03-25
https://www.webnovis.com/dist/accessibilita-caronno-pertusella.html,2026-03-25
https://www.webnovis.com/dist/sviluppo-app-mobile-caronno-pertusella.html,2026-03-25
https://www.webnovis.com/dist/copywriting-cerro-maggiore.html,2026-03-25
https://www.webnovis.com/dist/manutenzione-sito-arese.html,2026-03-25
https://www.webnovis.com/dist/consulenza-digitale-buccinasco.html,2026-03-25
https://www.webnovis.com/dist/landing-page-cormano.html,2026-03-25
https://www.webnovis.com/dist/sviluppo-app-mobile-monza.html,2026-03-25
https://www.webnovis.com/dist/agenzia-web-castellanza.html,2026-03-25
https://www.webnovis.com/dist/seo-locale-bresso.html,2026-03-25
https://www.webnovis.com/dist/automazione-business-cornaredo.html,2026-03-25
https://www.webnovis.com/dist/consulenza-digitale-nerviano.html,2026-03-25
https://www.webnovis.com/dist/seo-locale-bareggio.html,2026-03-25
https://www.webnovis.com/dist/google-ads-nerviano.html,2026-03-25
https://www.webnovis.com/dist/seo-locale-garbagnate.html,2026-03-25
https://www.webnovis.com/dist/realizzazione-siti-web-bollate.html,2026-03-25
https://www.webnovis.com/dist/sito-vetrina-bresso.html,2026-03-25
https://www.webnovis.com/dist/email-marketing-milano-nord.html,2026-03-25
https://www.webnovis.com/dist/realizzazione-siti-web-arluno.html,2026-03-25
https://www.webnovis.com/dist/sito-vetrina-sesto-san-giovanni.html,2026-03-25
https://www.webnovis.com/dist/sito-vetrina-buccinasco.html,2026-03-25
https://www.webnovis.com/dist/automazione-business-saronno.html,2026-03-25
https://www.webnovis.com/dist/agenzia-web-arese.html,2026-03-25
https://www.webnovis.com/dist/graphic-design-caronno-pertusella.html,2026-03-25
https://www.webnovis.com/dist/agenzia-web-cesano-boscone.html,2026-03-25
https://www.webnovis.com/dist/consulenze-cerro-maggiore.html,2026-03-25
https://www.webnovis.com/dist/agenzia-web-milano-nord.html,2026-03-25
https://www.webnovis.com/dist/landing-page-legnano.html,2026-03-25
https://www.webnovis.com/dist/landing-page-arese.html,2026-03-25
https://www.webnovis.com/dist/automazione-business-milano.html,2026-03-25
https://www.webnovis.com/dist/web-app-senago.html,2026-03-25
https://www.webnovis.com/dist/landing-page-monza.html,2026-03-25
https://www.webnovis.com/dist/web-app-trezzano-sul-naviglio.html,2026-03-25
https://www.webnovis.com/dist/graphic-design-bresso.html,2026-03-25
https://www.webnovis.com/dist/consulenze-magenta.html,2026-03-25
https://www.webnovis.com/dist/email-marketing-bollate.html,2026-03-25
https://www.webnovis.com/dist/web-app-arese.html,2026-03-25
https://www.webnovis.com/dist/realizzazione-siti-web-garbagnate.html,2026-03-25
https://www.webnovis.com/dist/accessibilita-paderno-dugnano.html,2026-03-25
https://www.webnovis.com/dist/agenzia-web-lainate.html,2026-03-25
https://www.webnovis.com/dist/google-ads-corsico.html,2026-03-25
https://www.webnovis.com/dist/manutenzione-sito-lainate.html,2026-03-25
https://www.webnovis.com/dist/realizzazione-siti-web-arese.html,2026-03-25
https://www.webnovis.com/dist/ecommerce-rozzano.html,2026-03-24
https://www.webnovis.com/dist/accessibilita-settimo-milanese.html,2026-03-24
https://www.webnovis.com/dist/sviluppo-app-mobile-sesto-san-giovanni.html,2026-03-23
https://www.webnovis.com/dist/web-app-corsico.html,2026-03-23
https://www.webnovis.com/dist/email-marketing-lainate.html,2026-03-23
https://www.webnovis.com/dist/landing-page-bareggio.html,2026-03-23
https://www.webnovis.com/dist/web-app-monza.html,2026-03-23
https://www.webnovis.com/dist/realizzazione-siti-web-rescaldina.html,2026-03-23
https://www.webnovis.com/dist/zone-servite/,2026-03-23
https://www.webnovis.com/dist/social-media-milano.html,2026-03-23
https://www.webnovis.com/dist/email-marketing-cornaredo.html,2026-03-23
https://www.webnovis.com/dist/automazione-business-sesto-san-giovanni.html,2026-03-23
https://www.webnovis.com/dist/realizzazione-siti-web-lainate.html,2026-03-23
https://www.webnovis.com/dist/fotografia-aziendale-legnano.html,2026-03-23
https://www.webnovis.com/dist/manutenzione-sito-sesto-san-giovanni.html,2026-03-23
https://www.webnovis.com/dist/restyling-sito-web-nerviano.html,2026-03-23
https://www.webnovis.com/dist/social-media-cornaredo.html,2026-03-23
https://www.webnovis.com/dist/landing-page-novate-milanese.html,2026-03-23
https://www.webnovis.com/dist/fotografia-aziendale-settimo-milanese.html,2026-03-23
https://www.webnovis.com/dist/agenzia-web-rozzano.html,2026-03-23
https://www.webnovis.com/dist/fotografia-aziendale-milano.html,2026-03-23
https://www.webnovis.com/dist/fotografia-aziendale-paderno-dugnano.html,2026-03-23
https://www.webnovis.com/dist/seo-locale-novate-milanese.html,2026-03-23
https://www.webnovis.com/dist/agenzia-web-baranzate.html,2026-03-23
https://www.webnovis.com/dist/agenzia-web-pero.html,2026-03-23
https://www.webnovis.com/dist/google-ads-senago.html,2026-03-23
https://www.webnovis.com/dist/realizzazione-siti-web-baranzate.html,2026-03-23
https://www.webnovis.com/dist/email-marketing-garbagnate.html,2026-03-23
https://www.webnovis.com/dist/copywriting-legnano.html,2026-03-23
https://www.webnovis.com/dist/copywriting-rozzano.html,2026-03-23
https://www.webnovis.com/dist/ecommerce-limbiate.html,2026-03-23
https://www.webnovis.com/dist/realizzazione-siti-web-paderno-dugnano.html,2026-03-23
https://www.webnovis.com/dist/fotografia-aziendale-trezzano-sul-naviglio.html,2026-03-23
https://www.webnovis.com/dist/web-app-cormano.html,2026-03-23
https://www.webnovis.com/dist/realizzazione-siti-web-castellanza.html,2026-03-23
https://www.webnovis.com/dist/sviluppo-app-mobile-milano-nord.html,2026-03-23
https://www.webnovis.com/dist/manutenzione-sito-cerro-maggiore.html,2026-03-23
https://www.webnovis.com/dist/copywriting-corsico.html,2026-03-23
https://www.webnovis.com/dist/consulenze-saronno.html,2026-03-23
https://www.webnovis.com/dist/web-app-bollate.html,2026-03-23
https://www.webnovis.com/dist/sito-vetrina-limbiate.html,2026-03-23
https://www.webnovis.com/dist/realizzazione-siti-web-cerro-maggiore.html,2026-03-23
https://www.webnovis.com/dist/web-app-sesto-san-giovanni.html,2026-03-23
https://www.webnovis.com/dist/accessibilita-arese.html,2026-03-23
https://www.webnovis.com/dist/landing-page-magenta.html,2026-03-23
https://www.webnovis.com/dist/manutenzione-sito-bareggio.html,2026-03-23
https://www.webnovis.com/dist/copywriting-buccinasco.html,2026-03-23
https://www.webnovis.com/dist/copywriting-bareggio.html,2026-03-23
https://www.webnovis.com/dist/google-ads-milano.html,2026-03-23
https://www.webnovis.com/dist/agenzia-web-magenta.html,2026-03-23
https://www.webnovis.com/dist/web-app-milano.html,2026-03-23
https://www.webnovis.com/dist/consulenza-digitale-rozzano.html,2026-03-23
https://www.webnovis.com/dist/copywriting-cornaredo.html,2026-03-23
https://www.webnovis.com/dist/web-app-bareggio.html,2026-03-23
https://www.webnovis.com/dist/consulenze-senago.html,2026-03-23
https://www.webnovis.com/dist/accessibilita-legnano.html,2026-03-23
https://www.webnovis.com/dist/seo-locale-rozzano.html,2026-03-23
https://www.webnovis.com/dist/agenzia-web/,2026-03-23
https://www.webnovis.com/dist/consulenza-digitale-novate-milanese.html,2026-03-23
https://www.webnovis.com/dist/ecommerce-sesto-san-giovanni.html,2026-03-23
https://www.webnovis.com/dist/agenzia-web-monza.html,2026-03-23
https://www.webnovis.com/dist/fotografia-aziendale-cesano-boscone.html,2026-03-23
https://www.webnovis.com/dist/landing-page-rozzano.html,2026-03-23
https://www.webnovis.com/dist/copywriting-milano-ovest.html,2026-03-23
https://www.webnovis.com/dist/seo-locale-cologno-monzese.html,2026-03-23
https://www.webnovis.com/dist/realizzazione-siti-web-novate-milanese.html,2026-03-23
https://www.webnovis.com/dist/ecommerce-trezzano-sul-naviglio.html,2026-03-23
https://www.webnovis.com/dist/consulenza-digitale-milano-ovest.html,2026-03-23
https://www.webnovis.com/dist/sito-vetrina-cormano.html,2026-03-23
https://www.webnovis.com/dist/google-ads-cerro-maggiore.html,2026-03-23
https://www.webnovis.com/dist/web-app-cinisello-balsamo.html,2026-03-23
https://www.webnovis.com/dist/realizzazione-siti-web-parabiago.html,2026-03-23
https://www.webnovis.com/dist/realizzazione-siti-web-trezzano-sul-naviglio.html,2026-03-23
https://www.webnovis.com/dist/landing-page-nerviano.html,2026-03-23
https://www.webnovis.com/dist/agenzia-web-buccinasco.html,2026-03-23
https://www.webnovis.com/dist/landing-page-cesano-boscone.html,2026-03-23
https://www.webnovis.com/dist/sito-vetrina-magenta.html,2026-03-23
https://www.webnovis.com/dist/email-marketing-milano.html,2026-03-23
https://www.webnovis.com/dist/seo-locale-lainate.html,2026-03-23
https://www.webnovis.com/dist/consulenza-digitale-milano-nord.html,2026-03-23
https://www.webnovis.com/dist/fotografia-aziendale-limbiate.html,2026-03-23
https://www.webnovis.com/dist/fotografia-aziendale-cologno-monzese.html,2026-03-23
https://www.webnovis.com/dist/restyling-sito-web-cormano.html,2026-03-23
https://www.webnovis.com/dist/email-marketing-saronno.html,2026-03-23
https://www.webnovis.com/dist/web-app-cesano-boscone.html,2026-03-23
https://www.webnovis.com/dist/ecommerce-bollate.html,2026-03-23
https://www.webnovis.com/dist/consulenze-cornaredo.html,2026-03-23
https://www.webnovis.com/dist/consulenze-rozzano.html,2026-03-23
https://www.webnovis.com/dist/graphic-design-cormano.html,2026-03-23
https://www.webnovis.com/dist/web-app-magenta.html,2026-03-23
https://www.webnovis.com/dist/email-marketing-sesto-san-giovanni.html,2026-03-23
https://www.webnovis.com/dist/seo-locale-nerviano.html,2026-03-23
https://www.webnovis.com/dist/web-app-cerro-maggiore.html,2026-03-23
https://www.webnovis.com/dist/consulenze-monza.html,2026-03-23
https://www.webnovis.com/dist/realizzazione-siti-web/,2026-03-23
https://www.webnovis.com/dist/social-media-bresso.html,2026-03-23
https://www.webnovis.com/dist/seo-locale-cerro-maggiore.html,2026-03-23
https://www.webnovis.com/dist/restyling-sito-web-arese.html,2026-03-22
https://www.webnovis.com/dist/automazione-business-paderno-dugnano.html,2026-03-22
https://www.webnovis.com/dist/seo-locale-saronno.html,2026-03-22
https://www.webnovis.com/dist/agenzia-web-saronno.html,2026-03-22
https://www.webnovis.com/dist/fotografia-aziendale-parabiago.html,2026-03-22
https://www.webnovis.com/dist/accessibilita-cormano.html,2026-03-22
https://www.webnovis.com/dist/accessibilita-limbiate.html,2026-03-22
https://www.webnovis.com/dist/manutenzione-sito-milano.html,2026-03-22
https://www.webnovis.com/dist/manutenzione-sito-cologno-monzese.html,2026-03-22
https://www.webnovis.com/dist/sviluppo-app-mobile-magenta.html,2026-03-22
https://www.webnovis.com/dist/consulenza-digitale-cerro-maggiore.html,2026-03-22
https://www.webnovis.com/dist/email-marketing-cormano.html,2026-03-22
https://www.webnovis.com/dist/landing-page-saronno.html,2026-03-22
https://www.webnovis.com/dist/sviluppo-app-mobile-bresso.html,2026-03-22
https://www.webnovis.com/dist/social-media-saronno.html,2026-03-22
https://www.webnovis.com/dist/social-media-cologno-monzese.html,2026-03-22
https://www.webnovis.com/dist/web-app-lainate.html,2026-03-22
https://www.webnovis.com/dist/seo-locale-buccinasco.html,2026-03-22
https://www.webnovis.com/dist/web-app-cornaredo.html,2026-03-22
https://www.webnovis.com/dist/manutenzione-sito-rozzano.html,2026-03-22
https://www.webnovis.com/dist/seo-locale-paderno-dugnano.html,2026-03-22
https://www.webnovis.com/dist/sito-vetrina-cologno-monzese.html,2026-03-22
https://www.webnovis.com/dist/accessibilita-magenta.html,2026-03-22
https://www.webnovis.com/dist/sito-vetrina-saronno.html,2026-03-22
https://www.webnovis.com/dist/sviluppo-app-mobile-cornaredo.html,2026-03-22
https://www.webnovis.com/dist/agenzia-web-cologno-monzese.html,2026-03-22
https://www.webnovis.com/dist/agenzia-web-settimo-milanese.html,2026-03-22
https://www.webnovis.com/dist/social-media-rozzano.html,2026-03-22
https://www.webnovis.com/dist/seo-locale-milano-nord.html,2026-03-22
https://www.webnovis.com/dist/social-media-nerviano.html,2026-03-22
https://www.webnovis.com/dist/consulenza-digitale-bresso.html,2026-03-22
https://www.webnovis.com/dist/realizzazione-siti-web-cesano-boscone.html,2026-03-22
https://www.webnovis.com/dist/agenzia-web-milano.html,2026-03-22
https://www.webnovis.com/dist/agenzia-web-cinisello-balsamo.html,2026-03-22
https://www.webnovis.com/dist/landing-page-limbiate.html,2026-03-22
https://www.webnovis.com/dist/social-media-novate-milanese.html,2026-03-22
https://www.webnovis.com/dist/manutenzione-sito-magenta.html,2026-03-22
https://www.webnovis.com/dist/accessibilita-parabiago.html,2026-03-22
https://www.webnovis.com/dist/seo-locale-limbiate.html,2026-03-22
https://www.webnovis.com/dist/consulenza-digitale-bareggio.html,2026-03-22
https://www.webnovis.com/dist/restyling-sito-web-rozzano.html,2026-03-22
https://www.webnovis.com/dist/sito-vetrina-corsico.html,2026-03-22
https://www.webnovis.com/dist/sito-vetrina-milano-ovest.html,2026-03-22
https://www.webnovis.com/dist/consulenza-digitale-milano.html,2026-03-22
https://www.webnovis.com/dist/automazione-business-arese.html,2026-03-22
https://www.webnovis.com/dist/sviluppo-app-mobile-cesano-boscone.html,2026-03-22
https://www.webnovis.com/dist/copywriting-arese.html,2026-03-22
https://www.webnovis.com/dist/seo-locale-parabiago.html,2026-03-22
https://www.webnovis.com/dist/accessibilita-cinisello-balsamo.html,2026-03-22
https://www.webnovis.com/dist/manutenzione-sito-bollate.html,2026-03-22
https://www.webnovis.com/dist/agenzia-web-cesate.html,2026-03-22
https://www.webnovis.com/dist/fotografia-aziendale-cerro-maggiore.html,2026-03-22
https://www.webnovis.com/dist/automazione-business-cologno-monzese.html,2026-03-22
https://www.webnovis.com/dist/fotografia-aziendale-bollate.html,2026-03-22
https://www.webnovis.com/dist/agenzia-web-origgio.html,2026-03-22
https://www.webnovis.com/dist/graphic-design-limbiate.html,2026-03-22
https://www.webnovis.com/dist/restyling-sito-web-milano-ovest.html,2026-03-22
https://www.webnovis.com/dist/seo-locale-settimo-milanese.html,2026-03-22
https://www.webnovis.com/dist/consulenze-milano.html,2026-03-22
https://www.webnovis.com/dist/manutenzione-sito-settimo-milanese.html,2026-03-22
https://www.webnovis.com/dist/email-marketing-cesano-boscone.html,2026-03-22
https://www.webnovis.com/dist/consulenze-cesano-boscone.html,2026-03-22
https://www.webnovis.com/dist/copywriting-milano.html,2026-03-22
https://www.webnovis.com/dist/manutenzione-sito-cesano-boscone.html,2026-03-22
https://www.webnovis.com/dist/sviluppo-app-mobile-legnano.html,2026-03-22
https://www.webnovis.com/dist/google-ads-novate-milanese.html,2026-03-22
https://www.webnovis.com/dist/copywriting-cormano.html,2026-03-22
https://www.webnovis.com/dist/email-marketing-arese.html,2026-03-22
https://www.webnovis.com/dist/fotografia-aziendale-lainate.html,2026-03-22
https://www.webnovis.com/dist/google-ads-trezzano-sul-naviglio.html,2026-03-22
https://www.webnovis.com/dist/accessibilita-senago.html,2026-03-22
https://www.webnovis.com/dist/automazione-business-cinisello-balsamo.html,2026-03-22
https://www.webnovis.com/dist/fotografia-aziendale-garbagnate.html,2026-03-22
https://www.webnovis.com/dist/landing-page-cornaredo.html,2026-03-22
https://www.webnovis.com/dist/automazione-business-bresso.html,2026-03-22
https://www.webnovis.com/dist/consulenza-digitale-caronno-pertusella.html,2026-03-22
https://www.webnovis.com/dist/ecommerce-cologno-monzese.html,2026-03-22
https://www.webnovis.com/dist/manutenzione-sito-cormano.html,2026-03-22
https://www.webnovis.com/dist/realizzazione-siti-web-cesate.html,2026-03-22
https://www.webnovis.com/dist/restyling-sito-web-buccinasco.html,2026-03-22
https://www.webnovis.com/dist/sito-vetrina-monza.html,2026-03-22
https://www.webnovis.com/dist/automazione-business-cesano-boscone.html,2026-03-22
https://www.webnovis.com/dist/restyling-sito-web-lainate.html,2026-03-22
https://www.webnovis.com/dist/social-media-settimo-milanese.html,2026-03-22
https://www.webnovis.com/dist/copywriting-parabiago.html,2026-03-22
https://www.webnovis.com/dist/social-media-cinisello-balsamo.html,2026-03-22
https://www.webnovis.com/dist/agenzia-web-novate-milanese.html,2026-03-22
https://www.webnovis.com/dist/ecommerce-corsico.html,2026-03-22
https://www.webnovis.com/dist/fotografia-aziendale-bareggio.html,2026-03-22
https://www.webnovis.com/dist/consulenze-milano-ovest.html,2026-03-22
https://www.webnovis.com/dist/sito-vetrina-arese.html,2026-03-22
https://www.webnovis.com/dist/consulenza-digitale-corsico.html,2026-03-22
https://www.webnovis.com/dist/seo-locale-corsico.html,2026-03-22
https://www.webnovis.com/dist/fotografia-aziendale-milano-ovest.html,2026-03-22
https://www.webnovis.com/dist/graphic-design-legnano.html,2026-03-22
https://www.webnovis.com/dist/manutenzione-sito-cinisello-balsamo.html,2026-03-22
https://www.webnovis.com/dist/graphic-design-nerviano.html,2026-03-22
https://www.webnovis.com/dist/sviluppo-app-mobile-bollate.html,2026-03-22
https://www.webnovis.com/dist/sviluppo-app-mobile-milano.html,2026-03-22
https://www.webnovis.com/dist/ecommerce-milano-nord.html,2026-03-22
https://www.webnovis.com/dist/realizzazione-siti-web-origgio.html,2026-03-22
https://www.webnovis.com/dist/seo-locale-caronno-pertusella.html,2026-03-22
https://www.webnovis.com/dist/fotografia-aziendale-corsico.html,2026-03-22
https://www.webnovis.com/dist/manutenzione-sito-corsico.html,2026-03-22
https://www.webnovis.com/dist/graphic-design-cinisello-balsamo.html,2026-03-22
https://www.webnovis.com/dist/restyling-sito-web-milano-nord.html,2026-03-22
https://www.webnovis.com/dist/realizzazione-siti-web-buccinasco.html,2026-03-22
https://www.webnovis.com/dist/social-media-caronno-pertusella.html,2026-03-22
https://www.webnovis.com/dist/sviluppo-app-mobile-paderno-dugnano.html,2026-03-22
https://www.webnovis.com/dist/web-app-milano-ovest.html,2026-03-22
https://www.webnovis.com/dist/agenzia-web-assago.html,2026-03-22
https://www.webnovis.com/dist/sito-vetrina-milano.html,2026-03-22
https://www.webnovis.com/dist/google-ads-buccinasco.html,2026-03-22
https://www.webnovis.com/dist/graphic-design-milano-ovest.html,2026-03-22
https://www.webnovis.com/dist/realizzazione-siti-web-bareggio.html,2026-03-22
https://www.webnovis.com/dist/sito-vetrina-senago.html,2026-03-22
https://www.webnovis.com/dist/accessibilita-bollate.html,2026-03-22
https://www.webnovis.com/dist/copywriting-lainate.html,2026-03-22
https://www.webnovis.com/dist/ecommerce-arese.html,2026-03-22
https://www.webnovis.com/dist/google-ads-cesano-boscone.html,2026-03-22
https://www.webnovis.com/dist/accessibilita-milano-ovest.html,2026-03-22
https://www.webnovis.com/dist/agenzia-web-arluno.html,2026-03-22
https://www.webnovis.com/dist/ecommerce-milano.html,2026-03-22
https://www.webnovis.com/dist/fotografia-aziendale-nerviano.html,2026-03-22
https://www.webnovis.com/dist/social-media-paderno-dugnano.html,2026-03-22
https://www.webnovis.com/dist/consulenze-garbagnate.html,2026-03-22
https://www.webnovis.com/dist/ecommerce-legnano.html,2026-03-22
https://www.webnovis.com/dist/sviluppo-app-mobile-cerro-maggiore.html,2026-03-22
https://www.webnovis.com/dist/automazione-business-rozzano.html,2026-03-22
https://www.webnovis.com/dist/sviluppo-app-mobile-cologno-monzese.html,2026-03-22
https://www.webnovis.com/dist/agenzia-web-corsico.html,2026-03-22
https://www.webnovis.com/dist/email-marketing-nerviano.html,2026-03-22
https://www.webnovis.com/dist/graphic-design-garbagnate.html,2026-03-22
https://www.webnovis.com/dist/social-media-parabiago.html,2026-03-22
https://www.webnovis.com/dist/consulenza-digitale-cormano.html,2026-03-20
https://www.webnovis.com/dist/email-marketing-buccinasco.html,2026-03-20
https://www.webnovis.com/dist/landing-page-paderno-dugnano.html,2026-03-20
https://www.webnovis.com/dist/consulenza-digitale-lainate.html,2026-03-20
https://www.webnovis.com/dist/restyling-sito-web-novate-milanese.html,2026-03-20
https://www.webnovis.com/dist/accessibilita-bareggio.html,2026-03-20
https://www.webnovis.com/dist/consulenze-settimo-milanese.html,2026-03-20
https://www.webnovis.com/dist/email-marketing-magenta.html,2026-03-20
https://www.webnovis.com/dist/graphic-design-monza.html,2026-03-20
https://www.webnovis.com/dist/copywriting-caronno-pertusella.html,2026-03-20
https://www.webnovis.com/dist/email-marketing-cologno-monzese.html,2026-03-20
https://www.webnovis.com/dist/realizzazione-siti-web-senago.html,2026-03-20
https://www.webnovis.com/dist/social-media-cerro-maggiore.html,2026-03-20
https://www.webnovis.com/dist/sito-vetrina-settimo-milanese.html,2026-03-20
https://www.webnovis.com/dist/consulenze-legnano.html,2026-03-20
https://www.webnovis.com/dist/copywriting-senago.html,2026-03-20
https://www.webnovis.com/dist/email-marketing-paderno-dugnano.html,2026-03-20
https://www.webnovis.com/dist/agenzia-web-parabiago.html,2026-03-20
https://www.webnovis.com/dist/fotografia-aziendale-monza.html,2026-03-20
https://www.webnovis.com/dist/agenzia-web-legnano.html,2026-03-20
https://www.webnovis.com/dist/copywriting-trezzano-sul-naviglio.html,2026-03-20
https://www.webnovis.com/dist/manutenzione-sito-milano-ovest.html,2026-03-20
https://www.webnovis.com/dist/fotografia-aziendale-milano-nord.html,2026-03-20
https://www.webnovis.com/dist/google-ads-legnano.html,2026-03-20
https://www.webnovis.com/dist/automazione-business-milano-ovest.html,2026-03-20
https://www.webnovis.com/dist/sviluppo-app-mobile-milano-ovest.html,2026-03-20
https://www.webnovis.com/dist/sviluppo-app-mobile-arese.html,2026-03-20
https://www.webnovis.com/chiedere-recensioni-clienti,2026-03-05
https://www.webnovis.com/blog/*,2026-02-28