Pagine principali,Impressioni
https://www.webnovis.com/blog/quanto-costa-brand-identity.html,960
https://www.webnovis.com/blog/quanto-costa-un-logo.html,589
https://www.webnovis.com/blog/canva-vs-designer-professionista.html,257
https://www.webnovis.com/blog/dati-obbligatori-sito-web.html,130
https://www.webnovis.com/blog/sanzioni-sito-non-accessibile-2026.html,55
https://www.webnovis.com/,45
https://www.webnovis.com/blog/,29
https://www.webnovis.com/servizi/accessibilita.html,29
https://www.webnovis.com/blog/aggiornamenti-algoritmo-google-2026.html,28
https://www.webnovis.com/blog/google-ads-guida-principianti.html,26
https://www.webnovis.com/ecommerce-legnano.html,23
https://www.webnovis.com/blog/seo-per-ai-overviews.html,20
https://www.webnovis.com/blog/instagram-insights-guida.html,18
https://www.webnovis.com/servizi/graphic-design.html,18
https://www.webnovis.com/servizi/sviluppo-web.html,18
https://www.webnovis.com/cookie-policy.html,16
https://www.webnovis.com/blog/cdn-cos-e-quando-serve.html,15
https://www.webnovis.com/blog/tiktok-business-guida.html,14
https://www.webnovis.com/realizzazione-siti-web-rho.html,14
https://www.webnovis.com/blog/dati-obbligatori-sito-web-aziendale.html,13
https://www.webnovis.com/blog/preventivi-progetti-web.html,13
https://www.webnovis.com/blog/web-agency-vs-freelance.html,13
https://www.webnovis.com/blog/above-the-fold-ottimizzazione.html,12
https://www.webnovis.com/blog/mockup-grafici-guida.html,11
https://www.webnovis.com/blog/instagram-shop-guida.html,10
https://www.webnovis.com/blog/strumenti-test-accessibilita.html,10
https://www.webnovis.com/blog/normativa-accessibilita-web-2026.html,8
https://www.webnovis.com/servizi/social-media.html,8
https://www.webnovis.com/blog/alternativa-linktree-link-in-bio.html,7
https://www.webnovis.com/blog/pagamenti-online-ecommerce.html,7
https://www.webnovis.com/blog/quanto-costa-un-sito-web.html,7
https://www.webnovis.com/termini-condizioni.html,7
https://www.webnovis.com/blog/javascript-performance-ottimizzare.html,6
https://www.webnovis.com/realizzazione-siti-web-arese.html,6
https://www.webnovis.com/blog/case-study-come-scriverli.html,5
https://www.webnovis.com/blog/illustrazioni-custom-vs-stock.html,5
https://www.webnovis.com/blog/partita-iva-ecommerce.html,5
https://www.webnovis.com/blog/pillar-page-strategia.html,5
https://www.webnovis.com/blog/retention-marketing-strategie.html,5
https://www.webnovis.com/blog/serve-ancora-un-sito-web.html,5
https://www.webnovis.com/blog/sito-web-per-avvocati.html,5
https://www.webnovis.com/blog/thought-leadership-strategia.html,5
https://www.webnovis.com/blog/ui-design-principi.html,5
https://www.webnovis.com/agenzia-web-milano-nord.html,4
https://www.webnovis.com/blog/brand-audit.html,4
https://www.webnovis.com/blog/colori-brand-psicologia.html,4
https://www.webnovis.com/blog/instagram-hashtag-strategia.html,4
https://www.webnovis.com/blog/quanto-costa-campagna-facebook-ads.html,4
https://www.webnovis.com/blog/quanto-costa-pubblicita-google-ads.html,4
https://www.webnovis.com/blog/quanto-costa-una-landing-page.html,4
https://www.webnovis.com/blog/seo-on-page-checklist.html,4
https://www.webnovis.com/blog/ttfb-server-response-time.html,4
https://www.webnovis.com/blog/velocita-sito-web-guida.html,4
https://www.webnovis.com/preventivo.html,4
https://www.webnovis.com/agenzia-web-lainate.html,3
https://www.webnovis.com/blog/analisi-competitiva-online.html,3
https://www.webnovis.com/blog/data-driven-marketing.html,3
https://www.webnovis.com/blog/naming-aziendale-guida.html,3
https://www.webnovis.com/blog/presentazioni-aziendali-design.html,3
https://www.webnovis.com/agenzia-web-legnano.html,2
https://www.webnovis.com/agenzia-web-rho.html,2
https://www.webnovis.com/agenzia-web/,2
https://www.webnovis.com/blog/biglietti-visita-design.html,2
https://www.webnovis.com/blog/brand-identity-guida-completa.html,2
https://www.webnovis.com/blog/caching-sito-web.html,2
https://www.webnovis.com/blog/caffe-sempione-caso-studio-locale.html,2
https://www.webnovis.com/blog/canonical-tag-guida.html,2
https://www.webnovis.com/blog/chiedere-recensioni-clienti.html,2
https://www.webnovis.com/blog/google-search-console-guida.html,2
https://www.webnovis.com/blog/guida-stile-brand.html,2
https://www.webnovis.com/blog/hreflang-guida-seo-internazionale.html,2
https://www.webnovis.com/blog/instagram-bio-ottimizzazione.html,2
https://www.webnovis.com/blog/internal-linking-strategia.html,2
https://www.webnovis.com/blog/jamstack-architettura-web.html,2
https://www.webnovis.com/blog/log-analysis-seo.html,2
https://www.webnovis.com/blog/seo-vs-sem-differenze.html,2
https://www.webnovis.com/blog/sito-intelligenza-artificiale-limiti.html,2
https://www.webnovis.com/blog/unique-selling-proposition.html,2
https://www.webnovis.com/chi-siamo.html,2
https://www.webnovis.com/ecommerce-bresso.html,2
https://www.webnovis.com/google-ads-monza.html,2
https://www.webnovis.com/realizzazione-siti-web-arluno.html,2
https://www.webnovis.com/agenzia-web-bollate.html,1
https://www.webnovis.com/agenzia-web-cornaredo.html,1
https://www.webnovis.com/agenzia-web-milano-ovest.html,1
https://www.webnovis.com/agenzia-web-pero.html,1
https://www.webnovis.com/agenzia-web-pregnana-milanese.html,1
https://www.webnovis.com/agenzia-web-saronno.html,1
https://www.webnovis.com/agenzia-web-sesto-san-giovanni.html,1
https://www.webnovis.com/blog/ai-act-2026-obblighi.html,1
https://www.webnovis.com/blog/automazione-processi-aziendali.html,1
https://www.webnovis.com/blog/brand-awareness-strategie.html,1
https://www.webnovis.com/blog/brand-consistency-multicanale.html,1
https://www.webnovis.com/blog/come-proteggere-sito-web-hacker.html,1
https://www.webnovis.com/blog/come-scegliere-web-agency.html,1
https://www.webnovis.com/blog/community-management-guida.html,1
https://www.webnovis.com/blog/content-calendar-guida.html,1
https://www.webnovis.com/blog/copywriting-persuasivo-web.html,1
https://www.webnovis.com/blog/costi-progetto-web-guida.html,1
https://www.webnovis.com/blog/design-system-aziendale.html,1
https://www.webnovis.com/blog/digital-transformation-pmi.html,1
https://www.webnovis.com/blog/dominio-hosting-guida-non-tecnico.html,1
https://www.webnovis.com/blog/featured-snippet-come-ottenere.html,1
https://www.webnovis.com/blog/font-performance-web.html,1
https://www.webnovis.com/blog/gdpr-sito-web-guida.html,1
https://www.webnovis.com/blog/google-tag-manager-guida.html,1
https://www.webnovis.com/blog/importanza-sito-web-attivita.html,1
https://www.webnovis.com/blog/indicizzazione-google-problemi.html,1
https://www.webnovis.com/blog/infografiche-come-crearle.html,1
https://www.webnovis.com/blog/lead-magnet-guida.html,1
https://www.webnovis.com/blog/lighthouse-score-migliorare.html,1
https://www.webnovis.com/blog/marketing-digitale-attivita-locali.html,1
https://www.webnovis.com/blog/meta-ads-vs-google-ads.html,1
https://www.webnovis.com/blog/networking-digitale-strategie.html,1
https://www.webnovis.com/blog/obblighi-legge-accessibilita-siti.html,1
https://www.webnovis.com/blog/ottimizzazione-immagini-web,1
https://www.webnovis.com/blog/portfolio-digitale-guida.html,1
https://www.webnovis.com/blog/quanto-costa-un-ecommerce.html,1
https://www.webnovis.com/blog/scheda-prodotto-perfetta.html,1
https://www.webnovis.com/blog/schema-markup-guida.html,1
https://www.webnovis.com/blog/seo-locale-google-maps.html,1
https://www.webnovis.com/blog/seo-youtube-video.html,1
https://www.webnovis.com/blog/sito-wordpress-lento-hackerato.html,1
https://www.webnovis.com/blog/social-commerce-guida.html,1
https://www.webnovis.com/blog/tradurre-sito-web-guida.html,1
https://www.webnovis.com/blog/trust-signals-ecommerce.html,1
https://www.webnovis.com/blog/ux-design-best-practice.html,1
https://www.webnovis.com/blog/web-analytics-privacy.html,1
https://www.webnovis.com/blog/web-design-trends-2026.html,1
https://www.webnovis.com/contatti.html,1
https://www.webnovis.com/ecommerce-garbagnate.html,1
https://www.webnovis.com/ecommerce-lainate.html,1
https://www.webnovis.com/ecommerce-senago.html,1
https://www.webnovis.com/realizzazione-siti-web-bollate.html,1
https://www.webnovis.com/realizzazione-siti-web-cormano.html,1
https://www.webnovis.com/realizzazione-siti-web-garbagnate.html,1
https://www.webnovis.com/realizzazione-siti-web-legnano.html,1
https://www.webnovis.com/realizzazione-siti-web-senago.html,1
https://www.webnovis.com/realizzazione-siti-web/,1
https://www.webnovis.com/servizi/,1
https://www.webnovis.com/servizi/consulenze.html,1
https://www.webnovis.com/social-media-limbiate.html,1
https://www.webnovis.com/social-media-magenta.html,1
https://www.webnovis.com/social-media-milano.html,1
https://www.webnovis.com/zone-servite/,1