Query,Citations,Citation Share
"mockup significato",244,68.73%
"mockup cos'è",24,6.76%
"strumenti design intelligenza artificiale PMI popolari",17,4.79%
"strumenti design intelligenza artificiale popolari PMI",15,4.23%
"migliori piattaforme pagamenti online integrazione ecommerce",10,2.82%
"manutenzione sito web",10,2.82%
"come opzioni di reso semplici riducono attrito ecommerce",9,2.54%
"strumenti per mantenere coerenza del brand",5,1.41%
"strumenti efficaci email marketing SMS marketing",5,1.41%
"confronto soluzioni resi e-commerce negozi online",5,1.41%
"migliori piattaforme pagamenti online integrazione e-commerce",4,1.13%
"soluzioni resi e-commerce negozio online",4,1.13%
"tendenze gestione resi e-commerce 2026 variazioni normative",3,0.85%
