Pagine principali,Clic,Impressioni,CTR,Posizione
https://www.webnovis.com/,11,317,3.47%,13.62
https://www.webnovis.com/blog/quanto-costa-brand-identity.html,9,2222,0.41%,9.34
https://www.webnovis.com/blog/dati-obbligatori-sito-web.html,5,349,1.43%,10.61
https://www.webnovis.com/blog/sanzioni-sito-non-accessibile-2026.html,5,170,2.94%,4.94
https://www.webnovis.com/ecommerce-legnano.html,3,15,20%,17.47
https://www.webnovis.com/blog/ui-design-principi.html,2,18,11.11%,8.06
https://www.webnovis.com/blog/quanto-costa-un-logo.html,1,1266,0.08%,10.2
https://www.webnovis.com/agenzia-web/,1,777,0.13%,46.69
https://www.webnovis.com/blog/instagram-insights-guida.html,1,416,0.24%,34.04
https://www.webnovis.com/blog/caffe-sempione-caso-studio-locale.html,1,86,1.16%,7.88
https://www.webnovis.com/contatti.html,1,85,1.18%,14.31
https://www.webnovis.com/blog/tiktok-business-guida.html,1,36,2.78%,13.53
https://www.webnovis.com/blog/strumenti-test-accessibilita.html,1,36,2.78%,27.03
https://www.webnovis.com/blog/instagram-bio-ottimizzazione.html,1,31,3.23%,12.32
https://www.webnovis.com/realizzazione-siti-web-solaro.html,1,29,3.45%,8.31
https://www.webnovis.com/blog/quanto-costa-una-landing-page.html,1,25,4%,8
https://www.webnovis.com/blog/gestione-resi-ecommerce.html,1,22,4.55%,53.36
https://www.webnovis.com/blog/instagram-hashtag-strategia.html,1,16,6.25%,7.19
https://www.webnovis.com/blog/serve-ancora-un-sito-web.html,1,10,10%,6.9
https://www.webnovis.com/blog/log-analysis-seo.html,1,10,10%,12.4
https://www.webnovis.com/blog/portfolio-digitale-guida.html,1,7,14.29%,5
https://www.webnovis.com/blog/errori-comuni-siti-web.html,1,5,20%,5.8
https://www.webnovis.com/blog/marketing-plan-modello.html,1,5,20%,15.4
https://www.webnovis.com/blog/sicurezza-sito-web-guida.html,1,2,50%,4
https://www.webnovis.com/realizzazione-siti-web/,0,2094,0%,37.43
https://www.webnovis.com/blog/brand-identity-guida-completa.html,0,570,0%,80.32
https://www.webnovis.com/blog/naming-aziendale-guida.html,0,447,0%,27.85
https://www.webnovis.com/blog/piano-editoriale-social.html,0,414,0%,51.5
https://www.webnovis.com/blog/seo-blog-aziendale.html,0,283,0%,19.09
https://www.webnovis.com/blog/pillar-page-strategia.html,0,229,0%,19.76
https://www.webnovis.com/blog/google-ads-guida-principianti.html,0,222,0%,25.53
https://www.webnovis.com/google-ads-monza.html,0,215,0%,7.32
https://www.webnovis.com/servizi/accessibilita.html,0,203,0%,29.91
https://www.webnovis.com/realizzazione-siti-web-legnano.html,0,182,0%,17.91
https://www.webnovis.com/servizi/graphic-design.html,0,180,0%,37.51
https://www.webnovis.com/blog/aggiornamenti-algoritmo-google-2026.html,0,178,0%,27.01
https://www.webnovis.com/blog/mockup-grafici-guida.html,0,154,0%,22.97
https://www.webnovis.com/ecommerce-monza.html,0,149,0%,36.17
https://www.webnovis.com/realizzazione-siti-web-bollate.html,0,146,0%,18.79
https://www.webnovis.com/blog/retention-marketing-strategie.html,0,138,0%,24.42
https://www.webnovis.com/blog/automazione-processi-aziendali.html,0,137,0%,19.43
https://www.webnovis.com/blog/scheda-prodotto-perfetta.html,0,133,0%,17.59
https://www.webnovis.com/blog/caching-sito-web.html,0,114,0%,21.95
https://www.webnovis.com/blog/quanto-costa-un-sito-web.html,0,103,0%,36.84
https://www.webnovis.com/agenzia-web-lainate.html,0,101,0%,10.07
https://www.webnovis.com/agenzia-web-bollate.html,0,98,0%,12.97
https://www.webnovis.com/servizi/sviluppo-web.html,0,92,0%,62.11
https://www.webnovis.com/realizzazione-siti-web-rho.html,0,87,0%,20.26
https://www.webnovis.com/realizzazione-siti-web-milano-ovest.html,0,84,0%,50.44
https://www.webnovis.com/blog/seo-per-ai-overviews.html,0,81,0%,15.88
https://www.webnovis.com/realizzazione-siti-web-arese.html,0,77,0%,11.61
https://www.webnovis.com/blog/partita-iva-ecommerce.html,0,69,0%,7.12
https://www.webnovis.com/blog/personal-brand-consulente.html,0,67,0%,10.48
https://www.webnovis.com/servizi/social-media.html,0,67,0%,27.01
https://www.webnovis.com/realizzazione-siti-web-senago.html,0,65,0%,10.75
https://www.webnovis.com/blog/biglietti-visita-design.html,0,63,0%,32.37
https://www.webnovis.com/blog/analisi-competitiva-online.html,0,63,0%,56.73
https://www.webnovis.com/blog/cdn-cos-e-quando-serve.html,0,62,0%,7.47
https://www.webnovis.com/blog/instagram-shop-guida.html,0,62,0%,9.4
https://www.webnovis.com/blog/canva-vs-designer-professionista.html,0,60,0%,9.45
https://www.webnovis.com/blog/accessibilita-web-guida.html,0,57,0%,24.96
https://www.webnovis.com/servizi/seo-milano.html,0,57,0%,56.44
https://www.webnovis.com/realizzazione-siti-web-garbagnate.html,0,56,0%,15.59
https://www.webnovis.com/blog/dominio-hosting-guida-non-tecnico.html,0,53,0%,17.87
https://www.webnovis.com/zone-servite/,0,52,0%,21.46
https://www.webnovis.com/blog/social-media-crisis-management.html,0,50,0%,14.7
https://www.webnovis.com/blog/internal-linking-strategia.html,0,47,0%,21.94
https://www.webnovis.com/blog/brand-storytelling.html,0,47,0%,31.83
https://www.webnovis.com/blog/seo-locale-google-maps.html,0,47,0%,44.47
https://www.webnovis.com/blog/ttfb-server-response-time.html,0,45,0%,8.64
https://www.webnovis.com/blog/come-proteggere-sito-web-hacker.html,0,44,0%,14.86
https://www.webnovis.com/blog/quanto-costa-campagna-facebook-ads.html,0,44,0%,27.59
https://www.webnovis.com/blog/quanto-costa-pubblicita-google-ads.html,0,44,0%,27.93
https://www.webnovis.com/agenzia-web-arese.html,0,43,0%,13.28
https://www.webnovis.com/servizi/,0,41,0%,7.88
https://www.webnovis.com/agenzia-web-milano-nord.html,0,41,0%,10.41
https://www.webnovis.com/blog/community-management-guida.html,0,41,0%,15.41
https://www.webnovis.com/blog/,0,36,0%,13.67
https://www.webnovis.com/blog/seo-vs-sem-differenze.html,0,36,0%,61.5
https://www.webnovis.com/blog/presentazioni-aziendali-design.html,0,35,0%,41.49
https://www.webnovis.com/blog/ottimizzazione-immagini-web,0,35,0%,56.31
https://www.webnovis.com/preventivo.html,0,34,0%,31.53
https://www.webnovis.com/realizzazione-siti-web-cormano.html,0,33,0%,3.15
https://www.webnovis.com/blog/design-thinking-business.html,0,31,0%,39.77
https://www.webnovis.com/chi-siamo.html,0,28,0%,4.18
https://www.webnovis.com/agenzia-web-pero.html,0,26,0%,13.5
https://www.webnovis.com/blog/sviluppo-sito-web-da-zero.html,0,25,0%,13.24
https://www.webnovis.com/blog/pagamenti-online-ecommerce.html,0,24,0%,6.46
https://www.webnovis.com/blog/quanto-costa-gestione-social-media.html,0,24,0%,7.96
https://www.webnovis.com/blog/marketing-digitale-attivita-locali-milano.html,0,24,0%,11.04
https://www.webnovis.com/blog/featured-snippet-come-ottenere.html,0,24,0%,37.46
https://www.webnovis.com/agenzia-web-cornaredo.html,0,23,0%,13
https://www.webnovis.com/blog/thought-leadership-strategia.html,0,21,0%,8.29
https://www.webnovis.com/blog/instagram-collaborazioni-brand.html,0,21,0%,10.81
https://www.webnovis.com/blog/come-scegliere-web-agency.html,0,21,0%,29.76
https://www.webnovis.com/blog/velocita-sito-web-guida.html,0,19,0%,11.37
https://www.webnovis.com/agenzia-web-rho.html,0,19,0%,19.37
https://www.webnovis.com/graphic-design-milano.html,0,19,0%,37.16
https://www.webnovis.com/blog/obblighi-legge-accessibilita-siti.html,0,19,0%,47.42
https://www.webnovis.com/ecommerce-senago.html,0,18,0%,5.94
https://www.webnovis.com/sito-vetrina-bollate.html,0,17,0%,14.88
https://www.webnovis.com/blog/dati-obbligatori-sito-web-aziendale.html,0,16,0%,8.5
https://www.webnovis.com/agenzia-web-milano-ovest.html,0,16,0%,19.94
https://www.webnovis.com/blog/chiedere-recensioni-clienti.html,0,15,0%,13.73
https://www.webnovis.com/blog/social-commerce-guida.html,0,15,0%,23.47
https://www.webnovis.com/blog/web-agency-vs-freelance.html,0,15,0%,34.6
https://www.webnovis.com/blog/normativa-accessibilita-web-2026.html,0,15,0%,47.67
https://www.webnovis.com/blog/illustrazioni-custom-vs-stock.html,0,14,0%,4.93
https://www.webnovis.com/ecommerce-limbiate.html,0,13,0%,2.92
https://www.webnovis.com/portfolio.html,0,13,0%,4.38
https://www.webnovis.com/blog/fotografia-prodotto-ecommerce.html,0,13,0%,10.92
https://www.webnovis.com/blog/kpi-advertising-online.html,0,12,0%,15.58
https://www.webnovis.com/blog/costi-progetto-web-guida.html,0,12,0%,17.83
https://www.webnovis.com/cookie-policy.html,0,11,0%,9.27
https://www.webnovis.com/blog/hreflang-guida-seo-internazionale.html,0,11,0%,18.18
https://www.webnovis.com/blog/guida-stile-brand.html,0,10,0%,7.2
https://www.webnovis.com/blog/google-search-console-guida.html,0,10,0%,16
https://www.webnovis.com/blog/digital-transformation-pmi.html,0,10,0%,19
https://www.webnovis.com/realizzazione-siti-web-limbiate.html,0,9,0%,5.67
https://www.webnovis.com/blog/brand-audit.html,0,9,0%,8.22
https://www.webnovis.com/realizzazione-siti-web-parabiago.html,0,9,0%,9.33
https://www.webnovis.com/blog/video-marketing-pmi.html,0,9,0%,12.78
https://www.webnovis.com/blog/copywriting-ads-tecniche.html,0,9,0%,15.33
https://www.webnovis.com/ecommerce-rho.html,0,9,0%,21.33
https://www.webnovis.com/blog/preventivi-progetti-web.html,0,9,0%,23.56
https://www.webnovis.com/blog/lighthouse-score-migliorare.html,0,8,0%,8.12
https://www.webnovis.com/blog/quanto-costa-un-ecommerce.html,0,8,0%,11.75
https://www.webnovis.com/blog/conversion-tracking-guida.html,0,8,0%,27.38
https://www.webnovis.com/landing-page-milano-ovest.html,0,8,0%,29.12
https://www.webnovis.com/blog/navigazione-sito-web-struttura.html,0,8,0%,36.38
https://www.webnovis.com/blog/instagram-stories-business.html,0,7,0%,7.29
https://www.webnovis.com/seo-locale-cormano.html,0,7,0%,7.71
https://www.webnovis.com/agenzia-web-milano.html,0,7,0%,14
https://www.webnovis.com/blog/infografiche-come-crearle.html,0,6,0%,7
https://www.webnovis.com/come-lavoriamo.html,0,6,0%,7.67
https://www.webnovis.com/ecommerce-garbagnate.html,0,6,0%,8.17
https://www.webnovis.com/partner.html,0,6,0%,9
https://www.webnovis.com/blog/url-strane-search-console.html,0,6,0%,9.67
https://www.webnovis.com/ecommerce-bresso.html,0,5,0%,4.2
https://www.webnovis.com/servizi/audit-gratuito.html,0,5,0%,4.6
https://www.webnovis.com/blog/font-performance-web.html,0,5,0%,5.6
https://www.webnovis.com/blog/ab-testing-sito-web.html,0,5,0%,8.4
https://www.webnovis.com/seo-locale-rozzano.html,0,5,0%,9.6
https://www.webnovis.com/blog/indicizzazione-google-problemi.html,0,5,0%,11.2
https://www.webnovis.com/realizzazione-siti-web-origgio.html,0,5,0%,15.6
https://www.webnovis.com/blog/above-the-fold-ottimizzazione.html,0,5,0%,18.6
https://www.webnovis.com/blog/sito-web-per-avvocati.html,0,5,0%,19.2
https://www.webnovis.com/blog/seo-youtube-video.html,0,5,0%,20.4
https://www.webnovis.com/blog/logo-design-processo-creativo.html,0,5,0%,21.8
https://www.webnovis.com/blog/web-design-trends-2026.html,0,5,0%,24
https://www.webnovis.com/blog/seo-on-page-checklist.html,0,5,0%,24.4
https://www.webnovis.com/blog/link-building-etica.html,0,5,0%,32.8
https://www.webnovis.com/termini-condizioni.html,0,4,0%,5
https://www.webnovis.com/blog/creative-fatigue-ads.html,0,4,0%,7
https://www.webnovis.com/blog/sito-non-appare-su-google.html,0,4,0%,7
https://www.webnovis.com/blog/importanza-sito-web-attivita.html,0,4,0%,7.25
https://www.webnovis.com/seo-locale-garbagnate.html,0,4,0%,7.75
https://www.webnovis.com/privacy-policy.html,0,4,0%,11.25
https://www.webnovis.com/blog/facebook-ads-guida-pratica.html,0,4,0%,16
https://www.webnovis.com/blog/gdpr-sito-web-guida.html,0,4,0%,48.5
https://www.webnovis.com/portfolio/case-study/structure-arch.html,0,3,0%,3
https://www.webnovis.com/blog/networking-digitale-strategie.html,0,3,0%,3.33
https://www.webnovis.com/blog/omnichannel-strategia.html,0,3,0%,3.33
https://www.webnovis.com/blog/instagram-content-strategy.html,0,3,0%,4
https://www.webnovis.com/blog/data-driven-marketing.html,0,3,0%,5.67
https://www.webnovis.com/blog/sito-intelligenza-artificiale-limiti.html,0,3,0%,5.67
https://www.webnovis.com/blog/trust-signals-ecommerce.html,0,3,0%,5.67
https://www.webnovis.com/blog/tone-of-voice-aziendale.html,0,3,0%,6.33
https://www.webnovis.com/blog/brand-loyalty-strategie.html,0,3,0%,6.67
https://www.webnovis.com/portfolio/case-study/momentum.html,0,3,0%,7
https://www.webnovis.com/blog/sito-web-fai-da-te-vs-professionale.html,0,3,0%,7.33
https://www.webnovis.com/agenzia-web-legnano.html,0,3,0%,8.67
https://www.webnovis.com/blog/campagne-locali-google-ads.html,0,3,0%,8.67
https://www.webnovis.com/realizzazione-siti-web-arluno.html,0,3,0%,8.67
https://www.webnovis.com/servizi/consulenze.html,0,3,0%,9
https://www.webnovis.com/agenzia-web-settimo-milanese.html,0,3,0%,13
https://www.webnovis.com/blog/alternativa-linktree-link-in-bio.html,0,3,0%,14.33
https://www.webnovis.com/blog/scegliere-hosting-sito-web.html,0,3,0%,16.33
https://www.webnovis.com/agenzia-web-saronno.html,0,3,0%,17.33
https://www.webnovis.com/blog/jamstack-architettura-web.html,0,3,0%,24
https://www.webnovis.com/blog/cloud-hosting-vs-tradizionale.html,0,3,0%,45.67
https://www.webnovis.com/quanto-costa-un-sito-web/,0,3,0%,45.67
https://www.webnovis.com/blog/gdpr-sito-web-conformita.html,0,2,0%,2
https://www.webnovis.com/blog/performance-budget-sito.html,0,2,0%,2
https://www.webnovis.com/landing-page-milano.html,0,2,0%,2
https://www.webnovis.com/blog/outsourcing-vs-inhouse-marketing.html,0,2,0%,3
https://www.webnovis.com/blog/sito-wordpress-lento-hackerato.html,0,2,0%,4
https://www.webnovis.com/blog/ai-act-2026-obblighi.html,0,2,0%,4.5
https://www.webnovis.com/blog/sito-web-professionale-checklist.html,0,2,0%,4.5
https://www.webnovis.com/blog/budget-advertising-online.html,0,2,0%,5.5
https://www.webnovis.com/portfolio/case-study/comeleapi.html,0,2,0%,5.5
https://www.webnovis.com/blog/instagram-per-aziende.html,0,2,0%,6
https://www.webnovis.com/agenzia-web-monza.html,0,2,0%,6.5
https://www.webnovis.com/blog/javascript-performance-ottimizzare.html,0,2,0%,6.5
https://www.webnovis.com/blog/social-media-automation-tool.html,0,2,0%,7
https://www.webnovis.com/servizi/sito-vetrina.html,0,2,0%,7
https://www.webnovis.com/ecommerce-cinisello-balsamo.html,0,2,0%,8
https://www.webnovis.com/social-media-milano.html,0,2,0%,8.5
https://www.webnovis.com/seo-locale-senago.html,0,2,0%,9
https://www.webnovis.com/blog/copywriting-persuasivo-web.html,0,2,0%,30.5
https://www.webnovis.com/blog/google-tag-manager-guida.html,0,2,0%,41
https://www.webnovis.com/blog/google-business-profile-ottimizzazione.html,0,2,0%,49.5
https://www.webnovis.com/blog/brand-consistency-multicanale.html,0,1,0%,2
https://www.webnovis.com/blog/cyber-security-pmi.html,0,1,0%,3
https://www.webnovis.com/blog/email-marketing-ecommerce.html,0,1,0%,3
https://www.webnovis.com/blog/wordpress-vs-codice-custom.html,0,1,0%,3
https://www.webnovis.com/blog/tipografia-web-guida.html,0,1,0%,4
https://www.webnovis.com/blog/customer-journey-mapping.html,0,1,0%,5
https://www.webnovis.com/blog/teoria-colore-design-web.html,0,1,0%,5
https://www.webnovis.com/portfolio/case-study/aether-digital.html,0,1,0%,5
https://www.webnovis.com/agenzia-web-sesto-san-giovanni.html,0,1,0%,6
https://www.webnovis.com/blog/content-calendar-guida.html,0,1,0%,6
https://www.webnovis.com/blog/google-search-console-avanzato.html,0,1,0%,6
https://www.webnovis.com/portfolio/case-study/popblock-studio.html,0,1,0%,6
https://www.webnovis.com/blog/canonical-tag-guida.html,0,1,0%,7
https://www.webnovis.com/blog/packaging-design-guida.html,0,1,0%,7
https://www.webnovis.com/blog/progressive-web-app-pmi.html,0,1,0%,7
https://www.webnovis.com/blog/schema-markup-guida.html,0,1,0%,7
https://www.webnovis.com/blog/attribution-marketing-modelli.html,0,1,0%,8
https://www.webnovis.com/blog/piattaforme-ecommerce-confronto.html,0,1,0%,8
https://www.webnovis.com/landing-page-rho.html,0,1,0%,9
https://www.webnovis.com/portfolio/case-study/ember-oak.html,0,1,0%,9
https://www.webnovis.com/portfolio/case-study/mikuna.html,0,1,0%,9
https://www.webnovis.com/portfolio/case-study/unimidoc.html,0,1,0%,9
https://www.webnovis.com/blog/rebranding-aziendale-guida.html,0,1,0%,10
https://www.webnovis.com/blog/unique-selling-proposition.html,0,1,0%,12
https://www.webnovis.com/blog/content-marketing-per-pmi.html,0,1,0%,14
https://www.webnovis.com/blog/social-proof-sito-web.html,0,1,0%,14
https://www.webnovis.com/blog/instagram-reels-strategia.html,0,1,0%,18
https://www.webnovis.com/blog/sito-web-per-dentisti.html,0,1,0%,28
https://www.webnovis.com/blog/content-audit-guida.html,0,1,0%,49
https://www.webnovis.com/blog/web-analytics-privacy.html,0,1,0%,64